086520,20230125,22563.00,23230.00,22563.00,23034.00,1967436,,2026-01-23 00:20:59,
086520,20230126,23328.00,24505.00,23034.00,24447.00,3219276,,2026-01-23 00:20:59,
086520,20230127,24839.00,24898.00,24250.00,24447.00,1905628,,2026-01-23 00:20:59,
086520,20230130,24780.00,25486.00,24505.00,24839.00,2643987,,2026-01-23 00:20:59,
086520,20230131,24093.00,24348.00,23348.00,24093.00,3605599,,2026-01-23 00:20:59,
086520,20230201,24231.00,25408.00,24231.00,25192.00,2902789,,2026-01-23 00:20:59,
086520,20230202,25604.00,25898.00,25388.00,25702.00,2300834,,2026-01-23 00:20:59,
086520,20230203,25663.00,27900.00,25329.00,26997.00,6088846,,2026-01-23 00:20:59,
086520,20230206,27174.00,29234.00,27115.00,28685.00,6882703,,2026-01-23 00:20:59,
086520,20230207,28881.00,34943.00,28841.00,32550.00,19838651,,2026-01-23 00:20:59,
086520,20230208,32609.00,34551.00,32216.00,33904.00,12505544,,2026-01-23 00:20:59,
086520,20230209,33884.00,38593.00,33648.00,37494.00,19604181,,2026-01-23 00:20:59,
086520,20230210,37886.00,39044.00,36238.00,36886.00,7888783,,2026-01-23 00:20:59,
086520,20230213,36690.00,39083.00,36297.00,38612.00,6491131,,2026-01-23 00:20:59,
086520,20230214,38985.00,39142.00,36847.00,38691.00,6606791,,2026-01-23 00:20:59,
086520,20230215,39633.00,43361.00,39338.00,41889.00,9993751,,2026-01-23 00:20:59,
086520,20230216,43262.00,47481.00,41693.00,46892.00,10905766,,2026-01-23 00:20:59,
086520,20230217,44244.00,46794.00,42183.00,43262.00,13836394,,2026-01-23 00:20:59,
086520,20230220,42968.00,46794.00,42968.00,46304.00,10056094,,2026-01-23 00:20:59,
086520,20230221,47187.00,49247.00,47088.00,48756.00,8895322,,2026-01-23 00:20:59,
086520,20230222,47481.00,49443.00,44832.00,46598.00,8469164,,2026-01-23 00:20:59,
086520,20230223,47873.00,48462.00,43851.00,47579.00,7382254,,2026-01-23 00:20:59,
086520,20230224,48266.00,49149.00,46696.00,47481.00,4237966,,2026-01-23 00:20:59,
086520,20230227,46794.00,55525.00,46696.00,54937.00,10882015,,2026-01-23 00:20:59,
086520,20230228,54937.00,57880.00,53465.00,56016.00,7249184,,2026-01-23 00:20:59,
086520,20230302,56212.00,60627.00,53367.00,53956.00,9017751,,2026-01-23 00:20:59,
086520,20230303,55820.00,58763.00,54544.00,58763.00,6097877,,2026-01-23 00:20:59,
086520,20230306,61608.00,62392.00,58959.00,60725.00,7377856,,2026-01-23 00:20:59,
086520,20230307,58959.00,60038.00,56016.00,57291.00,7457080,,2026-01-23 00:20:59,
086520,20230308,55918.00,65924.00,55820.00,65532.00,11633931,,2026-01-23 00:20:59,
086520,20230309,65139.00,65434.00,61215.00,64158.00,5788622,,2026-01-23 00:20:59,
086520,20230310,61706.00,62589.00,59253.00,60528.00,5712997,,2026-01-23 00:20:59,
086520,20230313,60528.00,71418.00,60528.00,70927.00,14079289,,2026-01-23 00:20:59,
086520,20230314,72791.00,78481.00,69652.00,72791.00,16916662,,2026-01-23 00:20:59,
086520,20230315,79462.00,89174.00,76225.00,87899.00,15761813,,2026-01-23 00:20:59,
086520,20230316,90744.00,92706.00,83779.00,85937.00,10777567,,2026-01-23 00:20:59,
086520,20230317,87310.00,87408.00,77010.00,78383.00,12790676,,2026-01-23 00:20:59,
086520,20230320,72006.00,80934.00,68180.00,79070.00,13599518,,2026-01-23 00:20:59,
086520,20230321,79070.00,84858.00,76715.00,82405.00,7616776,,2026-01-23 00:20:59,
086520,20230322,85348.00,90253.00,83975.00,88880.00,8058066,,2026-01-23 00:20:59,
086520,20230323,88586.00,97219.00,79756.00,89272.00,12958282,,2026-01-23 00:20:59,
086520,20230324,94374.00,94472.00,85348.00,89469.00,7945663,,2026-01-23 00:20:59,
086520,20230327,88684.00,90450.00,85054.00,86133.00,5704873,,2026-01-23 00:20:59,
086520,20230328,87506.00,88095.00,79560.00,85054.00,9209195,,2026-01-23 00:20:59,
086520,20230329,84662.00,97905.00,82994.00,97807.00,14039932,,2026-01-23 00:20:59,
086520,20230330,99867.00,104184.00,96728.00,97807.00,10059228,,2026-01-23 00:20:59,
086520,20230331,94766.00,99279.00,94374.00,97807.00,6267532,,2026-01-23 00:20:59,
086520,20230403,99671.00,101633.00,96336.00,98003.00,6025677,,2026-01-23 00:20:59,
086520,20230404,97317.00,98494.00,93000.00,93196.00,4904537,,2026-01-23 00:20:59,
086520,20230405,92804.00,102026.00,92706.00,101045.00,8045763,,2026-01-23 00:20:59,
086520,20230406,100260.00,104969.00,99475.00,102418.00,5139859,,2026-01-23 00:20:59,
086520,20230407,103007.00,113602.00,100260.00,113602.00,10688721,,2026-01-23 00:20:59,
086520,20230410,115956.00,145975.00,114975.00,141659.00,18046797,,2026-01-23 00:20:59,
086520,20230411,148134.00,160887.00,137342.00,150880.00,16644216,,2026-01-23 00:20:59,
086520,20230412,143621.00,148526.00,125178.00,125570.00,15863814,,2026-01-23 00:20:59,
086520,20230413,117722.00,132045.00,111836.00,119095.00,21377621,,2026-01-23 00:20:59,
086520,20230414,123216.00,124393.00,115367.00,119880.00,8044412,,2026-01-23 00:20:59,
086520,20230417,119095.00,123608.00,116937.00,121057.00,6583988,,2026-01-23 00:20:59,
086520,20230418,123216.00,131456.00,118311.00,128709.00,8954083,,2026-01-23 00:20:59,
086520,20230419,126355.00,128513.00,120861.00,120861.00,5792634,,2026-01-23 00:20:59,
086520,20230420,118311.00,122431.00,117918.00,119488.00,3870904,,2026-01-23 00:20:59,
086520,20230421,118703.00,119880.00,112621.00,112621.00,5941056,,2026-01-23 00:20:59,
086520,20230424,111051.00,121842.00,110659.00,117329.00,6859003,,2026-01-23 00:20:59,
086520,20230425,119488.00,121450.00,113405.00,117133.00,6463471,,2026-01-23 00:20:59,
086520,20230426,118507.00,121254.00,115367.00,117526.00,4879645,,2026-01-23 00:20:59,
086520,20230427,117526.00,139108.00,116152.00,139108.00,13562985,,2026-01-23 00:20:59,
086520,20230428,147153.00,155197.00,139108.00,143228.00,15123758,,2026-01-23 00:20:59,
086520,20230502,147153.00,152646.00,139697.00,143817.00,8197747,,2026-01-23 00:20:59,
086520,20230503,142247.00,143032.00,130475.00,131260.00,7025330,,2026-01-23 00:20:59,2026-01-23 00:20:59
086520,20230504,131064.00,137931.00,127532.00,134007.00,6492038,,2026-01-23 00:20:59,
086520,20230508,136165.00,136557.00,124197.00,125178.00,4358208,,2026-01-23 00:20:59,
086520,20230509,123804.00,126159.00,117722.00,122235.00,6652229,,2026-01-23 00:20:59,
086520,20230510,122235.00,123412.00,115564.00,115760.00,5061629,,2026-01-23 00:20:59,
086520,20230511,118507.00,122038.00,106734.00,107912.00,9124079,,2026-01-23 00:20:59,
086520,20230512,105361.00,109874.00,103988.00,106734.00,7074962,,2026-01-23 00:20:59,
086520,20230515,105165.00,105753.00,97905.00,102222.00,8524836,,2026-01-23 00:20:59,
086520,20230516,104576.00,110070.00,102418.00,108108.00,7452814,,2026-01-23 00:20:59,
086520,20230517,106146.00,113602.00,105361.00,111443.00,4056563,,2026-01-23 00:20:59,
086520,20230518,113798.00,115564.00,109481.00,110855.00,3106572,,2026-01-23 00:20:59,
086520,20230519,110266.00,110659.00,104184.00,104380.00,4027557,,2026-01-23 00:20:59,
086520,20230522,103007.00,111443.00,100848.00,111247.00,4260249,,2026-01-23 00:20:59,
086520,20230523,112032.00,116348.00,111051.00,111836.00,3852163,,2026-01-23 00:20:59,
086520,20230524,113602.00,113994.00,110070.00,111247.00,2131179,,2026-01-23 00:20:59,
086520,20230525,109481.00,111836.00,106931.00,107323.00,2419420,,2026-01-23 00:20:59,
086520,20230526,107716.00,109678.00,104184.00,106342.00,2759765,,2026-01-23 00:20:59,
086520,20230530,107519.00,107912.00,103007.00,107127.00,2872933,,2026-01-23 00:20:59,
086520,20230531,107127.00,111836.00,107127.00,110462.00,3290773,,2026-01-23 00:20:59,
086520,20230601,111443.00,111836.00,108893.00,110266.00,1609651,,2026-01-23 00:20:59,
086520,20230602,110070.00,113602.00,109285.00,111247.00,2546558,,2026-01-23 00:20:59,
086520,20230605,112228.00,112621.00,110070.00,111051.00,1790335,,2026-01-23 00:20:59,
086520,20230607,111836.00,129887.00,111640.00,129887.00,9073336,,2026-01-23 00:20:59,
086520,20230608,128513.00,135184.00,127728.00,129102.00,6717635,,2026-01-23 00:20:59,
086520,20230609,134988.00,137342.00,130475.00,131456.00,5990321,,2026-01-23 00:20:59,
086520,20230612,132830.00,136950.00,132045.00,135773.00,3642621,,2026-01-23 00:20:59,
086520,20230613,139108.00,147741.00,136754.00,146956.00,7403905,,2026-01-23 00:20:59,
086520,20230614,147545.00,155001.00,128709.00,130868.00,12705922,,2026-01-23 00:20:59,
086520,20230615,137146.00,141659.00,133418.00,139304.00,7107663,,2026-01-23 00:20:59,
086520,20230616,140678.00,145583.00,134203.00,145190.00,4614824,,2026-01-23 00:20:59,
086520,20230619,145779.00,153431.00,143425.00,151469.00,6163931,,2026-01-23 00:20:59,
086520,20230620,148918.00,156767.00,147741.00,150096.00,4846878,,2026-01-23 00:20:59,
086520,20230621,151273.00,154804.00,148722.00,149507.00,3731952,,2026-01-23 00:20:59,
086520,20230622,146760.00,152254.00,145387.00,149507.00,3412896,,2026-01-23 00:20:59,
086520,20230623,151077.00,151469.00,148722.00,148722.00,1672611,,2026-01-23 00:20:59,
086520,20230626,148918.00,152450.00,148722.00,149311.00,1879518,,2026-01-23 00:20:59,
086520,20230627,148330.00,149115.00,139697.00,144798.00,4143289,,2026-01-23 00:20:59,
086520,20230628,146564.00,147545.00,137146.00,137342.00,3306808,,2026-01-23 00:20:59,
086520,20230629,138323.00,144209.00,136557.00,140089.00,3189445,,2026-01-23 00:20:59,
086520,20230630,142444.00,149115.00,140285.00,147937.00,3407932,,2026-01-23 00:20:59,
086520,20230703,151469.00,180311.00,150880.00,178153.00,15051502,,2026-01-23 00:20:59,
086520,20230704,179919.00,183254.00,165792.00,173836.00,9573846,,2026-01-23 00:20:59,
086520,20230705,175406.00,187963.00,173248.00,185020.00,8358978,,2026-01-23 00:20:59,
086520,20230706,185608.00,192672.00,181292.00,184627.00,6109926,,2026-01-23 00:20:59,
086520,20230707,184431.00,192279.00,183843.00,192279.00,4438803,,2026-01-23 00:20:59,
086520,20230710,195026.00,199147.00,184627.00,189336.00,5636964,,2026-01-23 00:20:59,
086520,20230711,191102.00,195811.00,187963.00,191495.00,3661775,,2026-01-23 00:20:59,
086520,20230712,190317.00,192672.00,178349.00,180507.00,5711152,,2026-01-23 00:20:59,
086520,20230713,178153.00,195026.00,173248.00,187571.00,7331435,,2026-01-23 00:20:59,
086520,20230714,189729.00,194045.00,186786.00,193849.00,3421148,,2026-01-23 00:20:59,
086520,20230717,196792.00,199147.00,193260.00,196007.00,3428482,,2026-01-23 00:20:59,
086520,20230718,199735.00,225242.00,197185.00,219356.00,8160689,,2026-01-23 00:20:59,
086520,20230719,216413.00,220925.00,212096.00,219159.00,3740591,,2026-01-23 00:20:59,
086520,20230720,213666.00,216609.00,209153.00,212488.00,2779769,,2026-01-23 00:20:59,
086520,20230721,203267.00,233482.00,203071.00,224261.00,6912442,,2026-01-23 00:20:59,
086520,20230724,225830.00,231324.00,221318.00,227792.00,6208079,,2026-01-23 00:20:59,
086520,20230725,225242.00,259185.00,219748.00,253691.00,10572908,,2026-01-23 00:20:59,
086520,20230726,255653.00,301957.00,222887.00,240938.00,15375042,,2026-01-23 00:20:59,
086520,20230727,235444.00,235444.00,188552.00,193260.00,14512297,,2026-01-23 00:20:59,
086520,20230728,187571.00,217982.00,183450.00,216609.00,10489790,,2026-01-23 00:20:59,
086520,20230731,222887.00,240153.00,220729.00,236818.00,6785111,,2026-01-23 00:20:59,
086520,20230801,250160.00,253299.00,228577.00,237014.00,8358713,,2026-01-23 00:20:59,
086520,20230802,228381.00,240742.00,219356.00,219356.00,5446244,,2026-01-23 00:20:59,
086520,20230803,226615.00,236818.00,216609.00,236818.00,6602530,,2026-01-23 00:20:59,
086520,20230804,236818.00,242311.00,228970.00,230343.00,3607291,,2026-01-23 00:20:59,
086520,20230807,224261.00,228970.00,200324.00,209153.00,6539448,,2026-01-23 00:20:59,
086520,20230808,206995.00,216805.00,199735.00,211311.00,5311864,,2026-01-23 00:20:59,
086520,20230809,210134.00,230932.00,207780.00,221121.00,4739357,,2026-01-23 00:20:59,
086520,20230810,221906.00,232894.00,218963.00,228773.00,3868157,,2026-01-23 00:20:59,
086520,20230811,233678.00,234463.00,219748.00,223083.00,4515677,,2026-01-23 00:20:59,2026-01-23 00:20:59
086520,20230814,217786.00,222887.00,205425.00,214450.00,4052542,,2026-01-23 00:20:59,
086520,20230816,212488.00,218963.00,200716.00,200716.00,3588754,,2026-01-23 00:20:59,
086520,20230817,202678.00,219159.00,199147.00,218571.00,5893396,,2026-01-23 00:20:59,
086520,20230818,219159.00,221710.00,207780.00,211115.00,3380486,,2026-01-23 00:20:59,
086520,20230821,211900.00,231324.00,211900.00,230539.00,3862551,,2026-01-23 00:20:59,
086520,20230822,238387.00,250160.00,236818.00,247413.00,6148651,,2026-01-23 00:20:59,
086520,20230823,247609.00,249375.00,233286.00,239565.00,4345262,,2026-01-23 00:20:59,
086520,20230824,245647.00,249375.00,241330.00,247020.00,3544494,,2026-01-23 00:20:59,
086520,20230825,241134.00,250944.00,238976.00,246628.00,2915006,,2026-01-23 00:20:59,
086520,20230828,250160.00,250160.00,243685.00,246236.00,2218114,,2026-01-23 00:20:59,
086520,20230829,243489.00,244862.00,233090.00,239565.00,2772471,,2026-01-23 00:20:59,
086520,20230830,244666.00,247805.00,240349.00,244862.00,3039229,,2026-01-23 00:20:59,
086520,20230831,245647.00,248590.00,234267.00,246628.00,13788857,,2026-01-23 00:20:59,
086520,20230901,242115.00,242115.00,231324.00,231324.00,3209679,,2026-01-23 00:20:59,
086520,20230904,225242.00,231324.00,216020.00,217982.00,3796675,,2026-01-23 00:20:59,
086520,20230905,218375.00,219356.00,207780.00,211507.00,4152122,,2026-01-23 00:20:59,
086520,20230906,214254.00,219748.00,204248.00,206014.00,3027068,,2026-01-23 00:20:59,
086520,20230907,204052.00,208368.00,195615.00,197381.00,4057618,,2026-01-23 00:20:59,
086520,20230908,197773.00,200520.00,191298.00,200324.00,3567750,,2026-01-23 00:20:59,
086520,20230911,201305.00,201501.00,192279.00,192279.00,2395379,,2026-01-23 00:20:59,
086520,20230912,195026.00,196204.00,179526.00,182469.00,5873116,,2026-01-23 00:20:59,
086520,20230913,181096.00,185412.00,176191.00,176387.00,4124706,,2026-01-23 00:20:59,
086520,20230914,177564.00,183254.00,174817.00,177368.00,3479434,,2026-01-23 00:20:59,
086520,20230915,177760.00,179330.00,172855.00,174621.00,4842571,,2026-01-23 00:20:59,
086520,20230918,175013.00,179330.00,170697.00,176387.00,3007247,,2026-01-23 00:20:59,
086520,20230919,175798.00,177564.00,172659.00,174621.00,1533536,,2026-01-23 00:20:59,
086520,20230920,174621.00,186982.00,174621.00,186982.00,4271008,,2026-01-23 00:20:59,
086520,20230921,185216.00,194634.00,184627.00,190514.00,3036670,,2026-01-23 00:20:59,
086520,20230922,187963.00,192083.00,181881.00,187767.00,2036416,,2026-01-23 00:20:59,
086520,20230925,189925.00,193260.00,172659.00,172659.00,3335278,,2026-01-23 00:20:59,
086520,20230926,172659.00,179134.00,172267.00,174229.00,2357454,,2026-01-23 00:20:59,
086520,20230927,172659.00,179330.00,171089.00,176779.00,1757466,,2026-01-23 00:20:59,
086520,20231004,174621.00,175602.00,161279.00,161672.00,3086053,,2026-01-23 00:20:59,
086520,20231005,166577.00,169127.00,161475.00,161868.00,1981937,,2026-01-23 00:20:59,
086520,20231006,161279.00,167165.00,161279.00,164615.00,1303801,,2026-01-23 00:20:59,
086520,20231010,165596.00,165988.00,152646.00,154216.00,2775075,,2026-01-23 00:20:59,
086520,20231011,158336.00,167558.00,156178.00,165399.00,2691168,,2026-01-23 00:20:59,
086520,20231012,167362.00,175210.00,166184.00,171286.00,2045518,,2026-01-23 00:20:59,
086520,20231013,170305.00,172267.00,161672.00,163437.00,2067434,,2026-01-23 00:20:59,
086520,20231016,156178.00,165203.00,154020.00,163830.00,2223914,,2026-01-23 00:20:59,
086520,20231017,166577.00,170697.00,162849.00,162849.00,1735616,,2026-01-23 00:20:59,
086520,20231018,163045.00,166381.00,160887.00,161279.00,974337,,2026-01-23 00:20:59,
086520,20231019,156963.00,158925.00,155197.00,156570.00,1332709,,2026-01-23 00:20:59,
086520,20231020,153823.00,154020.00,145190.00,147349.00,3009316,,2026-01-23 00:20:59,
086520,20231023,145387.00,149507.00,142051.00,143228.00,2168747,,2026-01-23 00:20:59,
086520,20231024,144406.00,148722.00,134399.00,147545.00,3377999,,2026-01-23 00:20:59,
086520,20231025,148526.00,148722.00,135380.00,135380.00,2206203,,2026-01-23 00:20:59,
086520,20231026,130279.00,133026.00,120273.00,121842.00,4715204,,2026-01-23 00:20:59,
086520,20231027,123216.00,127925.00,119684.00,124589.00,3271503,,2026-01-23 00:20:59,
086520,20231030,123608.00,132045.00,122823.00,129887.00,2358351,,2026-01-23 00:20:59,
086520,20231031,130671.00,130868.00,120076.00,121646.00,2378911,,2026-01-23 00:20:59,
086520,20231101,123019.00,126551.00,115760.00,117133.00,2561048,,2026-01-23 00:20:59,
086520,20231102,120861.00,127336.00,119095.00,127336.00,2749209,,2026-01-23 00:20:59,
086520,20231103,130671.00,133418.00,123804.00,124981.00,3359304,,2026-01-23 00:20:59,
086520,20231106,143621.00,162456.00,139697.00,162456.00,5877000,,2026-01-23 00:20:59,
086520,20231107,170697.00,182077.00,155982.00,168539.00,11953955,,2026-01-23 00:20:59,
086520,20231108,161083.00,165399.00,144602.00,144602.00,5388228,,2026-01-23 00:20:59,
086520,20231109,147937.00,149703.00,135969.00,143032.00,4620547,,2026-01-23 00:20:59,
086520,20231110,137931.00,139304.00,134399.00,134399.00,2295743,,2026-01-23 00:20:59,
086520,20231113,137146.00,140482.00,133418.00,134988.00,1814570,,2026-01-23 00:20:59,
086520,20231114,137735.00,146760.00,136557.00,143032.00,2918931,,2026-01-23 00:20:59,
086520,20231115,154804.00,154804.00,142247.00,145190.00,2644196,,2026-01-23 00:20:59,
086520,20231116,143228.00,149115.00,138127.00,139501.00,1959888,,2026-01-23 00:20:59,
086520,20231117,136950.00,137735.00,129690.00,133222.00,2797394,,2026-01-23 00:20:59,
086520,20231120,131456.00,144798.00,130671.00,142836.00,3194435,,2026-01-23 00:20:59,
086520,20231121,144406.00,146564.00,137539.00,142247.00,2395256,,2026-01-23 00:20:59,
086520,20231122,139697.00,141659.00,135969.00,137342.00,1670378,,2026-01-23 00:20:59,
086520,20231123,137342.00,138912.00,135576.00,137931.00,868361,,2026-01-23 00:20:59,
086520,20231124,138323.00,139304.00,135969.00,136361.00,895465,,2026-01-23 00:20:59,
086520,20231127,138716.00,138716.00,133222.00,135773.00,1263450,,2026-01-23 00:20:59,
086520,20231128,135969.00,144602.00,135773.00,139501.00,2298668,,2026-01-23 00:20:59,
086520,20231129,142444.00,145975.00,138520.00,145190.00,2415934,,2026-01-23 00:20:59,
086520,20231130,142640.00,146760.00,140874.00,146760.00,1911077,,2026-01-23 00:20:59,
086520,20231201,143621.00,144994.00,138912.00,142051.00,1717528,,2026-01-23 00:20:59,
086520,20231204,137931.00,140285.00,130083.00,130868.00,8037251,,2026-01-23 00:20:59,
086520,20231205,131260.00,133026.00,127728.00,129102.00,2195164,,2026-01-23 00:20:59,
086520,20231206,129494.00,131456.00,125766.00,125766.00,1994062,,2026-01-23 00:20:59,
086520,20231207,127336.00,127925.00,119880.00,124000.00,2047358,,2026-01-23 00:20:59,
086520,20231208,125570.00,131849.00,124393.00,130868.00,2336843,,2026-01-23 00:20:59,
086520,20231211,132633.00,134399.00,130279.00,130475.00,1737370,,2026-01-23 00:20:59,
086520,20231212,130083.00,131456.00,128121.00,129494.00,1213033,,2026-01-23 00:20:59,
086520,20231213,126551.00,128121.00,123019.00,123412.00,2041456,,2026-01-23 00:20:59,
086520,20231214,126943.00,127336.00,118311.00,119684.00,3265381,,2026-01-23 00:20:59,
086520,20231215,123216.00,130083.00,122235.00,126355.00,3975051,,2026-01-23 00:20:59,
086520,20231218,132045.00,141070.00,129690.00,136754.00,5975428,,2026-01-23 00:20:59,
086520,20231219,138716.00,143817.00,136754.00,143817.00,3672075,,2026-01-23 00:20:59,
086520,20231220,145387.00,145583.00,140874.00,142640.00,2077307,,2026-01-23 00:20:59,
086520,20231221,140482.00,144013.00,134595.00,135773.00,3550095,,2026-01-23 00:20:59,
086520,20231222,137735.00,138323.00,130671.00,131064.00,2098800,,2026-01-23 00:20:59,
086520,20231226,128906.00,130868.00,124393.00,125962.00,2651097,,2026-01-23 00:20:59,
086520,20231227,126355.00,130475.00,124589.00,126159.00,2258093,,2026-01-23 00:20:59,
086520,20231228,128121.00,128709.00,123804.00,126943.00,1326588,,2026-01-23 00:20:59,
086520,20240102,127140.00,129494.00,124981.00,125178.00,1273954,,2026-01-23 00:20:59,
086520,20240103,123608.00,124785.00,121450.00,121646.00,1404446,,2026-01-23 00:20:59,
086520,20240104,118899.00,126159.00,118899.00,124393.00,1793663,,2026-01-23 00:20:59,
086520,20240105,124393.00,130475.00,121646.00,128709.00,2905710,,2026-01-23 00:20:59,
086520,20240108,128906.00,129102.00,124981.00,125374.00,1179787,,2026-01-23 00:20:59,
086520,20240109,125962.00,128709.00,124393.00,124393.00,1076471,,2026-01-23 00:20:59,
086520,20240110,124197.00,125374.00,121646.00,121646.00,1045656,,2026-01-23 00:20:59,
086520,20240111,122627.00,128317.00,122627.00,127336.00,1932437,,2026-01-23 00:20:59,
086520,20240112,125570.00,125962.00,123412.00,124000.00,922753,,2026-01-23 00:20:59,
086520,20240115,122038.00,125178.00,121057.00,122235.00,1029994,,2026-01-23 00:20:59,
086520,20240116,121254.00,122823.00,119880.00,120861.00,1019393,,2026-01-23 00:20:59,
086520,20240117,119684.00,120273.00,116741.00,116741.00,1603509,,2026-01-23 00:20:59,
086520,20240118,115367.00,119880.00,114779.00,114779.00,1563056,,2026-01-23 00:20:59,
086520,20240119,115956.00,116937.00,107912.00,109089.00,2765335,,2026-01-23 00:20:59,
086520,20240122,107912.00,109089.00,100260.00,101045.00,2859803,,2026-01-23 00:20:59,
086520,20240123,98886.00,103007.00,98102.00,99671.00,2265687,,2026-01-23 00:20:59,
086520,20240124,99671.00,100652.00,96434.00,99279.00,1929348,,2026-01-23 00:20:59,
086520,20240125,98298.00,98298.00,94570.00,96238.00,1854493,,2026-01-23 00:20:59,
086520,20240126,94766.00,105950.00,94177.00,105165.00,2983139,,2026-01-23 00:20:59,
086520,20240129,106931.00,107127.00,101633.00,102222.00,2280621,,2026-01-23 00:20:59,
086520,20240130,103988.00,107519.00,100064.00,100456.00,1901332,,2026-01-23 00:20:59,
086520,20240131,99279.00,102026.00,98102.00,98494.00,1039866,,2026-01-23 00:20:59,
086520,20240201,98298.00,105753.00,97513.00,104772.00,1900159,,2026-01-23 00:20:59,
086520,20240202,105950.00,108893.00,102222.00,107716.00,1898090,,2026-01-23 00:20:59,
086520,20240205,106146.00,109285.00,104772.00,105950.00,1223461,,2026-01-23 00:20:59,
086520,20240206,103988.00,104380.00,99083.00,99867.00,2145511,,2026-01-23 00:20:59,
086520,20240207,103007.00,122627.00,103007.00,113602.00,7687860,,2026-01-23 00:20:59,
086520,20240208,117133.00,128709.00,114779.00,127140.00,6445953,,2026-01-23 00:20:59,
086520,20240213,127140.00,135576.00,122431.00,124589.00,5349625,,2026-01-23 00:20:59,
086520,20240214,121646.00,124197.00,116741.00,122038.00,3533561,,2026-01-23 00:20:59,
086520,20240215,124589.00,127532.00,121842.00,124589.00,2009179,,2026-01-23 00:20:59,
086520,20240216,129494.00,130083.00,124000.00,125570.00,2128208,,2026-01-23 00:20:59,
086520,20240219,121842.00,123412.00,118507.00,118703.00,2445184,,2026-01-23 00:20:59,
086520,20240220,116348.00,119095.00,112621.00,117722.00,2909461,,2026-01-23 00:20:59,
086520,20240221,115564.00,121646.00,113994.00,117722.00,1904976,,2026-01-23 00:20:59,
086520,20240222,117722.00,118703.00,115956.00,116937.00,1069488,,2026-01-23 00:20:59,
086520,20240223,116937.00,119095.00,114975.00,116348.00,1216132,,2026-01-23 00:20:59,
086520,20240226,114779.00,118507.00,114583.00,115760.00,1037940,,2026-01-23 00:20:59,
086520,20240227,117329.00,119488.00,113602.00,113602.00,1597092,,2026-01-23 00:20:59,2026-01-23 00:20:59
086520,20240228,117526.00,121450.00,114779.00,115367.00,3648233,,2026-01-23 00:20:59,
086520,20240229,116545.00,121254.00,114975.00,121254.00,2266610,,2026-01-23 00:20:59,
086520,20240304,122431.00,124981.00,120076.00,124197.00,2160842,,2026-01-23 00:20:59,
086520,20240305,121450.00,123216.00,118703.00,118703.00,1780926,,2026-01-23 00:20:59,
086520,20240306,116937.00,120273.00,116152.00,117329.00,1126429,,2026-01-23 00:20:59,
086520,20240307,117526.00,119684.00,115760.00,117722.00,1016701,,2026-01-23 00:20:59,
086520,20240308,117918.00,119095.00,114975.00,115956.00,1289662,,2026-01-23 00:20:59,
086520,20240311,115956.00,117133.00,114779.00,114779.00,815620,,2026-01-23 00:20:59,
086520,20240312,115564.00,121646.00,115367.00,120665.00,1848091,,2026-01-23 00:20:59,
086520,20240313,121254.00,121450.00,119292.00,120076.00,968807,,2026-01-23 00:20:59,
086520,20240314,119095.00,119488.00,117133.00,119488.00,874187,,2026-01-23 00:20:59,
086520,20240315,117722.00,118114.00,116741.00,117918.00,810681,,2026-01-23 00:20:59,
086520,20240318,117722.00,121057.00,117722.00,120665.00,900526,,2026-01-23 00:20:59,
086520,20240319,121842.00,122038.00,118114.00,119880.00,838311,,2026-01-23 00:20:59,
086520,20240320,119880.00,121646.00,118703.00,119095.00,602964,,2026-01-23 00:20:59,
086520,20240321,120273.00,122627.00,120076.00,121057.00,1220184,,2026-01-23 00:20:59,
086520,20240322,120861.00,126551.00,120273.00,123216.00,1558077,,2026-01-23 00:20:59,
086520,20240325,123804.00,127532.00,122823.00,125962.00,1594952,,2026-01-23 00:20:59,
086520,20240326,127336.00,127336.00,124981.00,126551.00,1059662,,2026-01-23 00:20:59,
086520,20240327,127728.00,132830.00,127140.00,132241.00,2667132,,2026-01-23 00:20:59,
086520,20240328,133418.00,133418.00,128513.00,129102.00,1524984,,2026-01-23 00:20:59,
086520,20240329,126943.00,127728.00,123608.00,124197.00,1433772,,2026-01-23 00:20:59,
086520,20240401,123019.00,128906.00,123019.00,124393.00,1151240,,2026-01-23 00:20:59,
086520,20240402,123412.00,126943.00,118899.00,119684.00,2091165,,2026-01-23 00:20:59,
086520,20240403,114975.00,116741.00,110855.00,111051.00,4433171,,2026-01-23 00:20:59,
086520,20240404,111247.00,112424.00,106342.00,110659.00,2922820,,2026-01-23 00:20:59,
086520,20240405,110070.00,112424.00,107519.00,107912.00,1820661,,2026-01-23 00:20:59,
086520,20240408,100848.00,103791.00,98690.00,101437.00,5479205,,2026-01-23 00:20:59,
086520,20240409,101437.00,101437.00,101437.00,101437.00,0,,2026-01-23 00:20:59,
086520,20240411,101437.00,101437.00,101437.00,101437.00,0,,2026-01-23 00:20:59,
086520,20240412,101437.00,101437.00,101437.00,101437.00,0,,2026-01-23 00:20:59,
086520,20240415,101437.00,101437.00,101437.00,101437.00,0,,2026-01-23 00:20:59,
086520,20240416,101437.00,101437.00,101437.00,101437.00,0,,2026-01-23 00:20:59,
086520,20240417,101437.00,101437.00,101437.00,101437.00,0,,2026-01-23 00:20:59,
086520,20240418,101437.00,101437.00,101437.00,101437.00,0,,2026-01-23 00:20:59,
086520,20240419,101437.00,101437.00,101437.00,101437.00,0,,2026-01-23 00:20:59,
086520,20240422,101437.00,101437.00,101437.00,101437.00,0,,2026-01-23 00:20:59,
086520,20240423,101437.00,101437.00,101437.00,101437.00,0,,2026-01-23 00:20:59,
086520,20240424,101437.00,101437.00,101437.00,101437.00,0,,2026-01-23 00:20:59,
086520,20240425,112130.00,113209.00,103792.00,106048.00,6160329,,2026-01-23 00:20:59,
086520,20240426,106342.00,107127.00,102516.00,103988.00,1983145,,2026-01-23 00:20:59,
086520,20240429,103007.00,104675.00,101143.00,103988.00,1772851,,2026-01-23 00:20:59,
086520,20240430,106440.00,108304.00,104086.00,104184.00,2180858,,2026-01-23 00:20:59,
086520,20240502,103007.00,104184.00,102026.00,102124.00,802313,,2026-01-23 00:20:59,
086520,20240503,103203.00,104773.00,99279.00,99377.00,1657552,,2026-01-23 00:20:59,
086520,20240507,99475.00,100358.00,97807.00,98592.00,1285494,,2026-01-23 00:20:59,
086520,20240508,98102.00,99279.00,97317.00,99181.00,1069571,,2026-01-23 00:20:59,
086520,20240509,98887.00,98887.00,97121.00,97121.00,1044001,,2026-01-23 00:20:59,
086520,20240510,97513.00,98494.00,96042.00,96336.00,977337,,2026-01-23 00:20:59,
086520,20240513,96434.00,96826.00,93197.00,93197.00,1342020,,2026-01-23 00:20:59,
086520,20240514,93785.00,98494.00,93687.00,96042.00,2301042,,2026-01-23 00:20:59,
086520,20240516,96728.00,99083.00,95551.00,98887.00,1468515,,2026-01-23 00:20:59,
086520,20240517,99181.00,101045.00,97807.00,97807.00,1190646,,2026-01-23 00:20:59,
086520,20240520,98690.00,99279.00,97121.00,97807.00,762378,,2026-01-23 00:20:59,
086520,20240521,97219.00,97415.00,94178.00,94472.00,1214352,,2026-01-23 00:20:59,
086520,20240522,95747.00,96924.00,94178.00,95355.00,871946,,2026-01-23 00:20:59,
086520,20240523,94374.00,95649.00,93589.00,94962.00,686385,,2026-01-23 00:20:59,
086520,20240524,93589.00,94276.00,92019.00,92216.00,1107939,,2026-01-23 00:20:59,
086520,20240527,92314.00,96728.00,89076.00,95453.00,2616601,,2026-01-23 00:20:59,
086520,20240528,95747.00,96532.00,92902.00,92902.00,1052976,,2026-01-23 00:20:59,
086520,20240529,91823.00,92608.00,88586.00,88586.00,1471507,,2026-01-23 00:20:59,
086520,20240530,87310.00,91431.00,87310.00,88390.00,1389226,,2026-01-23 00:20:59,
086520,20240531,88782.00,92608.00,86722.00,92608.00,2619182,,2026-01-23 00:20:59,
086520,20240603,92019.00,94570.00,90646.00,91529.00,1108826,,2026-01-23 00:20:59,
086520,20240604,91627.00,97317.00,91333.00,94570.00,2052955,,2026-01-23 00:20:59,
086520,20240605,94570.00,99966.00,94472.00,98690.00,2404918,,2026-01-23 00:20:59,
086520,20240607,99475.00,107127.00,97709.00,105459.00,4463068,,2026-01-23 00:20:59,
086520,20240610,105950.00,105950.00,100162.00,101731.00,2206623,,2026-01-23 00:20:59,
086520,20240611,102516.00,104282.00,100554.00,101143.00,1428786,,2026-01-23 00:20:59,
086520,20240612,100162.00,102124.00,98200.00,99377.00,983916,,2026-01-23 00:20:59,
086520,20240613,101535.00,101535.00,98788.00,99083.00,1333468,,2026-01-23 00:20:59,
086520,20240614,99769.00,100260.00,97219.00,97513.00,1288798,,2026-01-23 00:20:59,
086520,20240617,96434.00,98102.00,95257.00,95257.00,1029604,,2026-01-23 00:20:59,
086520,20240618,96630.00,97317.00,92314.00,92314.00,1390909,,2026-01-23 00:20:59,
086520,20240619,91627.00,95943.00,91235.00,94276.00,1594942,,2026-01-23 00:20:59,
086520,20240620,94178.00,95159.00,92216.00,92314.00,838785,,2026-01-23 00:20:59,
086520,20240621,90940.00,93687.00,90842.00,91038.00,978245,,2026-01-23 00:20:59,
086520,20240624,90450.00,90940.00,89273.00,89567.00,835700,,2026-01-23 00:20:59,
086520,20240625,89567.00,91333.00,88782.00,88782.00,749273,,2026-01-23 00:20:59,
086520,20240626,89763.00,90254.00,87605.00,87801.00,786795,,2026-01-23 00:20:59,
086520,20240627,88978.00,90744.00,87801.00,87899.00,815368,,2026-01-23 00:20:59,
086520,20240628,87899.00,90548.00,87016.00,88390.00,1006208,,2026-01-23 00:20:59,
086520,20240701,88782.00,90450.00,87409.00,90450.00,780126,,2026-01-23 00:20:59,
086520,20240702,91333.00,91627.00,87997.00,88291.00,724420,,2026-01-23 00:20:59,
086520,20240703,89763.00,95943.00,89665.00,95061.00,3059516,,2026-01-23 00:20:59,
086520,20240704,97611.00,101830.00,95159.00,95159.00,2692413,,2026-01-23 00:20:59,
086520,20240705,95159.00,98788.00,93197.00,96434.00,1300069,,2026-01-23 00:20:59,
086520,20240708,95551.00,105656.00,95257.00,102418.00,4438867,,2026-01-23 00:20:59,
086520,20240709,103007.00,103595.00,99083.00,99279.00,1793595,,2026-01-23 00:20:59,
086520,20240710,101045.00,102026.00,97219.00,98004.00,1336248,,2026-01-23 00:20:59,
086520,20240711,98788.00,100750.00,96434.00,96434.00,1696419,,2026-01-23 00:20:59,
086520,20240712,95943.00,99475.00,95845.00,99475.00,1345230,,2026-01-23 00:20:59,
086520,20240715,100358.00,101437.00,97709.00,101045.00,1654695,,2026-01-23 00:20:59,
086520,20240716,99573.00,100260.00,95159.00,95551.00,1579549,,2026-01-23 00:20:59,
086520,20240717,95257.00,96924.00,92608.00,92902.00,1357820,,2026-01-23 00:20:59,
086520,20240718,92216.00,98788.00,91627.00,96336.00,2324774,,2026-01-23 00:20:59,
086520,20240719,96336.00,98592.00,95355.00,98396.00,1340007,,2026-01-23 00:20:59,
086520,20240722,98004.00,98102.00,93197.00,93589.00,1112534,,2026-01-23 00:20:59,
086520,20240723,94766.00,95355.00,91136.00,91627.00,1001034,,2026-01-23 00:20:59,
086520,20240724,90450.00,93785.00,90352.00,91136.00,801522,,2026-01-23 00:20:59,
086520,20240725,89763.00,94472.00,88978.00,94178.00,1308323,,2026-01-23 00:20:59,
086520,20240726,93687.00,94570.00,90744.00,92608.00,742218,,2026-01-23 00:20:59,
086520,20240729,92510.00,94178.00,90548.00,93295.00,812112,,2026-01-23 00:20:59,
086520,20240730,92706.00,96140.00,92510.00,94276.00,1187786,,2026-01-23 00:20:59,
086520,20240731,93393.00,93393.00,90450.00,90548.00,1047891,,2026-01-23 00:20:59,
086520,20240801,91235.00,92412.00,88291.00,91823.00,1194838,,2026-01-23 00:20:59,
086520,20240802,89959.00,92510.00,89371.00,89469.00,835603,,2026-01-23 00:20:59,
086520,20240805,88291.00,90842.00,78874.00,79560.00,2211418,,2026-01-23 00:20:59,
086520,20240806,82405.00,90646.00,82013.00,89763.00,2082196,,2026-01-23 00:20:59,
086520,20240807,88880.00,90744.00,86918.00,86918.00,1073014,,2026-01-23 00:20:59,
086520,20240808,85250.00,87409.00,82700.00,82994.00,1008647,,2026-01-23 00:20:59,
086520,20240809,86918.00,90548.00,85937.00,88782.00,1541326,,2026-01-23 00:20:59,
086520,20240812,89174.00,90254.00,87997.00,88291.00,783934,,2026-01-23 00:20:59,
086520,20240813,88291.00,90254.00,86526.00,88488.00,868069,,2026-01-23 00:20:59,
086520,20240814,91038.00,91529.00,88782.00,89076.00,1007800,,2026-01-23 00:20:59,
086520,20240816,90548.00,91333.00,87605.00,87899.00,1147681,,2026-01-23 00:20:59,
086520,20240819,87212.00,87507.00,83484.00,83877.00,1119247,,2026-01-23 00:20:59,
086520,20240820,84956.00,85348.00,83484.00,83583.00,689245,,2026-01-23 00:20:59,
086520,20240821,83288.00,86526.00,83288.00,86329.00,1015155,,2026-01-23 00:20:59,
086520,20240822,87114.00,87997.00,85741.00,87507.00,867847,,2026-01-23 00:20:59,
086520,20240823,86428.00,87605.00,84858.00,85152.00,644435,,2026-01-23 00:20:59,
086520,20240826,86231.00,87114.00,84564.00,85545.00,550774,,2026-01-23 00:20:59,
086520,20240827,85348.00,86231.00,83975.00,84956.00,485551,,2026-01-23 00:20:59,
086520,20240828,84956.00,85348.00,81915.00,82307.00,706394,,2026-01-23 00:20:59,
086520,20240829,81326.00,85348.00,81326.00,83484.00,866141,,2026-01-23 00:20:59,
086520,20240830,83975.00,84564.00,82700.00,83975.00,577289,,2026-01-23 00:20:59,
086520,20240902,84171.00,89763.00,84073.00,88390.00,2026290,,2026-01-23 00:20:59,
086520,20240903,88684.00,88978.00,86918.00,87310.00,647958,,2026-01-23 00:20:59,
086520,20240904,85348.00,87114.00,83484.00,83877.00,825345,,2026-01-23 00:20:59,
086520,20240905,84662.00,85054.00,81522.00,82111.00,886063,,2026-01-23 00:20:59,
086520,20240906,82602.00,83386.00,76323.00,76421.00,1683243,,2026-01-23 00:20:59,
086520,20240909,75048.00,76127.00,73282.00,73772.00,1239449,,2026-01-23 00:20:59,
086520,20240910,74263.00,75734.00,71222.00,71222.00,1019385,,2026-01-23 00:20:59,
086520,20240911,72105.00,74557.00,71810.00,73184.00,1109597,,2026-01-23 00:20:59,
086520,20240912,74655.00,77206.00,73969.00,75636.00,1058245,,2026-01-23 00:20:59,
086520,20240913,76715.00,76912.00,73576.00,75342.00,752497,,2026-01-23 00:20:59,
086520,20240919,77010.00,77010.00,74165.00,75538.00,607482,,2026-01-23 00:21:00,
086520,20240920,77500.00,78089.00,76323.00,77304.00,819358,,2026-01-23 00:21:00,
086520,20240923,76814.00,81719.00,75931.00,81228.00,1070995,,2026-01-23 00:21:00,
086520,20240924,82896.00,90842.00,82209.00,88488.00,3155174,,2026-01-23 00:21:00,
086520,20240925,89371.00,89959.00,86820.00,87310.00,1486666,,2026-01-23 00:21:00,
086520,20240926,87605.00,90254.00,87310.00,90254.00,1276183,,2026-01-23 00:21:00,
086520,20240927,90254.00,90744.00,88586.00,89861.00,888033,,2026-01-23 00:21:00,
086520,20240930,90842.00,92314.00,86918.00,86918.00,1328419,,2026-01-23 00:21:00,
086520,20241002,86329.00,91529.00,85937.00,90646.00,1320670,,2026-01-23 00:21:00,
086520,20241004,90548.00,92510.00,87899.00,87899.00,1317814,,2026-01-23 00:21:00,
086520,20241007,89959.00,90646.00,88782.00,90057.00,960026,,2026-01-23 00:21:00,
086520,20241008,89174.00,91823.00,88390.00,90548.00,981758,,2026-01-23 00:21:00,
086520,20241010,90744.00,91038.00,87212.00,87212.00,1080609,,2026-01-23 00:21:00,
086520,20241011,87212.00,89469.00,85250.00,85250.00,985854,,2026-01-23 00:21:00,
086520,20241014,83484.00,84171.00,82405.00,82896.00,907017,,2026-01-23 00:21:00,
086520,20241015,83288.00,85152.00,80443.00,80738.00,883116,,2026-01-23 00:21:00,
086520,20241016,81424.00,81719.00,79560.00,80051.00,520620,,2026-01-23 00:21:00,
086520,20241017,79855.00,80738.00,79070.00,79070.00,489164,,2026-01-23 00:21:00,
086520,20241018,78874.00,79658.00,77991.00,78579.00,534711,,2026-01-23 00:21:00,
086520,20241021,78187.00,79168.00,77696.00,78874.00,501090,,2026-01-23 00:21:00,
086520,20241022,78776.00,78776.00,74950.00,74950.00,950477,,2026-01-23 00:21:00,
086520,20241023,74950.00,78776.00,74459.00,78481.00,798432,,2026-01-23 00:21:00,
086520,20241024,79855.00,80443.00,76127.00,76519.00,589356,,2026-01-23 00:21:00,
086520,20241025,79168.00,79658.00,76323.00,76715.00,528916,,2026-01-23 00:21:00,
086520,20241028,77304.00,80836.00,77304.00,80836.00,794454,,2026-01-23 00:21:00,
086520,20241029,80345.00,80541.00,78089.00,80247.00,517456,,2026-01-23 00:21:00,
086520,20241030,79757.00,80640.00,78677.00,78874.00,391035,,2026-01-23 00:21:00,
086520,20241031,78285.00,79462.00,77304.00,77500.00,483702,,2026-01-23 00:21:00,
086520,20241101,75931.00,78874.00,75244.00,78579.00,512571,,2026-01-23 00:21:00,
086520,20241104,78874.00,85250.00,78383.00,84367.00,1549809,,2026-01-23 00:21:00,
086520,20241105,83779.00,86231.00,82798.00,85054.00,748458,,2026-01-23 00:21:00,
086520,20241106,87212.00,87310.00,77402.00,78579.00,2028753,,2026-01-23 00:21:00,
086520,20241107,78285.00,79070.00,75244.00,77108.00,1116050,,2026-01-23 00:21:00,
086520,20241108,78089.00,80836.00,78089.00,78089.00,855802,,2026-01-23 00:21:00,
086520,20241111,78187.00,79560.00,74950.00,75146.00,876112,,2026-01-23 00:21:00,
086520,20241112,75734.00,77500.00,74851.00,75734.00,781898,,2026-01-23 00:21:00,
086520,20241113,75244.00,76519.00,71908.00,73086.00,923010,,2026-01-23 00:21:00,
086520,20241114,73380.00,74851.00,67298.00,67298.00,1519061,,2026-01-23 00:21:00,
086520,20241115,64649.00,66611.00,60725.00,64060.00,2639786,,2026-01-23 00:21:00,
086520,20241118,64060.00,67984.00,63570.00,66317.00,1300705,,2026-01-23 00:21:00,
086520,20241119,66611.00,67984.00,64453.00,67396.00,742083,,2026-01-23 00:21:00,
086520,20241120,67101.00,70535.00,66317.00,68671.00,712396,,2026-01-23 00:21:00,
086520,20241121,69162.00,73969.00,68279.00,73086.00,1316047,,2026-01-23 00:21:00,
086520,20241122,73478.00,75048.00,72791.00,74165.00,786343,,2026-01-23 00:21:00,
086520,20241125,75440.00,80640.00,74557.00,77402.00,1716910,,2026-01-23 00:21:00,
086520,20241126,77795.00,85054.00,77206.00,77893.00,2575054,,2026-01-23 00:21:00,
086520,20241127,78579.00,81130.00,76715.00,76912.00,1126735,,2026-01-23 00:21:00,
086520,20241128,78776.00,79953.00,77500.00,78874.00,796478,,2026-01-23 00:21:00,
086520,20241129,78579.00,78677.00,74655.00,74655.00,815266,,2026-01-23 00:21:00,
086520,20241202,75538.00,77206.00,73576.00,74165.00,832856,,2026-01-23 00:21:00,
086520,20241203,74851.00,75342.00,71810.00,72399.00,1009789,,2026-01-23 00:21:00,
086520,20241204,71025.00,72301.00,69652.00,69946.00,1082206,,2026-01-23 00:21:00,
086520,20241205,70633.00,71124.00,68082.00,68377.00,724363,,2026-01-23 00:21:00,
086520,20241206,68965.00,70437.00,67101.00,69456.00,1135186,,2026-01-23 00:21:00,
086520,20241209,68671.00,71516.00,67690.00,68769.00,1298592,,2026-01-23 00:21:00,
086520,20241210,70829.00,71222.00,69652.00,70241.00,820139,,2026-01-23 00:21:00,
086520,20241211,70241.00,72301.00,69260.00,69750.00,813788,,2026-01-23 00:21:00,
086520,20241212,70927.00,71124.00,68671.00,70044.00,1191901,,2026-01-23 00:21:00,
086520,20241213,69946.00,71222.00,69456.00,70829.00,764888,,2026-01-23 00:21:00,
086520,20241216,71418.00,71712.00,69456.00,70241.00,706754,,2026-01-23 00:21:00,
086520,20241217,70437.00,70437.00,65237.00,65826.00,1359320,,2026-01-23 00:21:00,
086520,20241218,66415.00,67003.00,65924.00,66415.00,709293,,2026-01-23 00:21:00,
086520,20241219,64747.00,66709.00,64649.00,65139.00,647623,,2026-01-23 00:21:00,
086520,20241220,65336.00,65924.00,61902.00,62491.00,872329,,2026-01-23 00:21:00,
086520,20241223,62883.00,63275.00,59842.00,61902.00,1011161,,2026-01-23 00:21:00,2026-01-23 00:21:00
086520,20241224,62196.00,63275.00,60234.00,60332.00,879498,,2026-01-23 00:21:00,
086520,20241226,60921.00,61117.00,57585.00,57585.00,1277301,,2026-01-23 00:21:00,
086520,20241227,57585.00,58468.00,55329.00,55918.00,1411141,,2026-01-23 00:21:00,
086520,20241230,55918.00,58272.00,55623.00,56408.00,913843,,2026-01-23 00:21:00,
086520,20250102,56506.00,56604.00,54054.00,54152.00,935277,,2026-01-23 00:21:00,
086520,20250103,54446.00,61902.00,54446.00,59646.00,3104481,,2026-01-23 00:21:00,
086520,20250106,60823.00,63374.00,59842.00,62393.00,1601580,,2026-01-23 00:21:00,
086520,20250107,62589.00,63570.00,61117.00,61215.00,972862,,2026-01-23 00:21:00,
086520,20250108,60430.00,64747.00,60430.00,63962.00,1515886,,2026-01-23 00:21:00,
086520,20250109,63766.00,64551.00,61804.00,63668.00,1008311,,2026-01-23 00:21:00,
086520,20250110,63570.00,63668.00,61313.00,61313.00,769296,,2026-01-23 00:21:00,
086520,20250113,60823.00,61804.00,59351.00,59351.00,753598,,2026-01-23 00:21:00,
086520,20250114,60332.00,63766.00,59842.00,62687.00,1240157,,2026-01-23 00:21:00,
086520,20250115,63177.00,65041.00,61313.00,61608.00,1039044,,2026-01-23 00:21:00,
086520,20250116,63766.00,64256.00,62000.00,62000.00,904720,,2026-01-23 00:21:00,
086520,20250117,62000.00,62687.00,60921.00,61117.00,548256,,2026-01-23 00:21:00,
086520,20250120,61510.00,63962.00,61510.00,63472.00,1146308,,2026-01-23 00:21:00,
086520,20250121,62491.00,62883.00,58861.00,59744.00,1365266,,2026-01-23 00:21:00,
086520,20250122,60529.00,61706.00,60136.00,61706.00,741903,,2026-01-23 00:21:00,
086520,20250123,61117.00,61215.00,59744.00,59940.00,491410,,2026-01-23 00:21:00,
086520,20250124,60430.00,60529.00,59351.00,59842.00,458216,,2026-01-23 00:21:00,
086520,20250131,59842.00,60823.00,59057.00,59842.00,464739,,2026-01-23 00:21:00,
086520,20250203,58567.00,58959.00,55820.00,56114.00,865953,,2026-01-23 00:21:00,
086520,20250204,57487.00,61019.00,57291.00,58174.00,1048442,,2026-01-23 00:21:00,
086520,20250205,58272.00,59842.00,58272.00,59155.00,451829,,2026-01-23 00:21:00,
086520,20250206,60038.00,60136.00,58174.00,58567.00,529637,,2026-01-23 00:21:00,
086520,20250207,58763.00,61411.00,57684.00,58763.00,815959,,2026-01-23 00:21:00,
086520,20250210,57782.00,59449.00,56899.00,58959.00,723792,,2026-01-23 00:21:00,
086520,20250211,59253.00,60038.00,58076.00,58468.00,740270,,2026-01-23 00:21:00,
086520,20250212,57978.00,59842.00,57880.00,58468.00,662519,,2026-01-23 00:21:00,
086520,20250213,58959.00,61215.00,58861.00,60725.00,1240238,,2026-01-23 00:21:00,
086520,20250214,60725.00,60725.00,59351.00,59548.00,609771,,2026-01-23 00:21:00,
086520,20250217,59744.00,62393.00,59155.00,61117.00,1232488,,2026-01-23 00:21:00,
086520,20250218,61902.00,62000.00,60038.00,60627.00,544070,,2026-01-23 00:21:00,
086520,20250219,60921.00,63668.00,60823.00,62589.00,1580814,,2026-01-23 00:21:00,
086520,20250220,62981.00,63570.00,61902.00,62098.00,1067780,,2026-01-23 00:21:00,
086520,20250221,63079.00,67494.00,62491.00,65924.00,2709527,,2026-01-23 00:21:00,
086520,20250224,65237.00,67298.00,64747.00,67298.00,1479965,,2026-01-23 00:21:00,
086520,20250225,66905.00,67200.00,63962.00,64158.00,996683,,2026-01-23 00:21:00,
086520,20250226,63275.00,67200.00,63177.00,67200.00,1127369,,2026-01-23 00:21:00,
086520,20250227,66900.00,68100.00,65700.00,65900.00,623392,,2026-01-23 00:21:00,
086520,20250228,65000.00,65200.00,61100.00,62200.00,1276060,,2026-01-23 00:21:00,
086520,20250304,61900.00,62100.00,57800.00,58100.00,1255916,,2026-01-23 00:21:00,
086520,20250305,58800.00,60400.00,58200.00,58900.00,728668,,2026-01-23 00:21:00,
086520,20250306,59700.00,60700.00,58500.00,58700.00,713885,,2026-01-23 00:21:00,
086520,20250307,58000.00,60000.00,57600.00,59500.00,628569,,2026-01-23 00:21:00,
086520,20250310,59400.00,60900.00,58600.00,60000.00,675281,,2026-01-23 00:21:00,
086520,20250311,58000.00,58900.00,57400.00,58300.00,560531,,2026-01-23 00:21:00,
086520,20250312,58700.00,59300.00,58300.00,59000.00,371180,,2026-01-23 00:21:00,
086520,20250313,59900.00,60200.00,57400.00,57400.00,786331,,2026-01-23 00:21:00,
086520,20250314,57700.00,59800.00,56600.00,59800.00,839738,,2026-01-23 00:21:00,
086520,20250317,59600.00,60200.00,58200.00,59900.00,736327,,2026-01-23 00:21:00,
086520,20250318,60300.00,61300.00,59300.00,60200.00,723594,,2026-01-23 00:21:00,
086520,20250319,60000.00,60700.00,59700.00,60200.00,485981,,2026-01-23 00:21:00,
086520,20250320,61300.00,62100.00,60200.00,60400.00,647273,,2026-01-23 00:21:00,
086520,20250321,60700.00,63000.00,58800.00,61100.00,1114255,,2026-01-23 00:21:00,
086520,20250324,61600.00,61700.00,59800.00,59900.00,334204,,2026-01-23 00:21:00,
086520,20250325,60600.00,61100.00,58500.00,58700.00,351477,,2026-01-23 00:21:00,
086520,20250326,59200.00,60200.00,58500.00,59800.00,337180,,2026-01-23 00:21:00,
086520,20250327,59100.00,59600.00,57900.00,58200.00,217694,,2026-01-23 00:21:00,
086520,20250328,58100.00,58500.00,56500.00,56800.00,330740,,2026-01-23 00:21:00,
086520,20250331,54500.00,55500.00,49500.00,49650.00,2218093,,2026-01-23 00:21:00,
086520,20250401,50100.00,50500.00,48300.00,48500.00,1263977,,2026-01-23 00:21:00,
086520,20250402,49050.00,49450.00,46500.00,47200.00,936573,,2026-01-23 00:21:00,2026-01-23 00:21:00
086520,20250403,45300.00,48700.00,45150.00,47850.00,1006606,,2026-01-23 00:21:00,
086520,20250404,47000.00,53900.00,47000.00,52100.00,2781441,,2026-01-23 00:21:00,
086520,20250407,50400.00,52500.00,49550.00,49650.00,1021352,,2026-01-23 00:21:00,
086520,20250408,51500.00,51500.00,49250.00,49650.00,584098,,2026-01-23 00:21:00,
086520,20250409,48700.00,50400.00,47650.00,47800.00,682920,,2026-01-23 00:21:00,
086520,20250410,51600.00,52400.00,50500.00,52400.00,1014895,,2026-01-23 00:21:00,
086520,20250411,50800.00,51800.00,49850.00,50900.00,502159,,2026-01-23 00:21:00,
086520,20250414,51400.00,53000.00,50800.00,51200.00,516320,,2026-01-23 00:21:00,
086520,20250415,51000.00,51300.00,49700.00,49800.00,577462,,2026-01-23 00:21:00,
086520,20250416,50000.00,50400.00,48000.00,48050.00,537868,,2026-01-23 00:21:00,
086520,20250417,47750.00,48800.00,47750.00,48400.00,382780,,2026-01-23 00:21:00,
086520,20250418,48550.00,48850.00,47500.00,48000.00,406238,,2026-01-23 00:21:00,
086520,20250421,47550.00,48450.00,47350.00,47400.00,359895,,2026-01-23 00:21:00,
086520,20250422,47150.00,48300.00,46800.00,47250.00,360719,,2026-01-23 00:21:00,
086520,20250423,48250.00,49750.00,48000.00,49600.00,720360,,2026-01-23 00:21:00,
086520,20250424,50400.00,50600.00,49200.00,50100.00,538866,,2026-01-23 00:21:00,
086520,20250425,50500.00,52500.00,49900.00,51000.00,852234,,2026-01-23 00:21:00,
086520,20250428,52000.00,54100.00,51300.00,51500.00,909029,,2026-01-23 00:21:00,
086520,20250429,52300.00,52500.00,50000.00,51100.00,489857,,2026-01-23 00:21:00,
086520,20250430,51300.00,51300.00,49650.00,51000.00,796552,,2026-01-23 00:21:00,
086520,20250502,50000.00,50900.00,49500.00,50200.00,375866,,2026-01-23 00:21:00,
086520,20250507,50600.00,50900.00,47950.00,48400.00,742958,,2026-01-23 00:21:00,
086520,20250508,48450.00,49100.00,48000.00,48650.00,487153,,2026-01-23 00:21:00,
086520,20250509,48900.00,49000.00,47050.00,47150.00,523288,,2026-01-23 00:21:00,
086520,20250512,47450.00,47750.00,47150.00,47700.00,522658,,2026-01-23 00:21:00,
086520,20250513,48250.00,49100.00,46900.00,46950.00,583073,,2026-01-23 00:21:00,
086520,20250514,47000.00,47200.00,44950.00,46900.00,897935,,2026-01-23 00:21:00,
086520,20250515,46700.00,46800.00,45650.00,45650.00,370852,,2026-01-23 00:21:00,
086520,20250516,45650.00,45950.00,44050.00,44050.00,535686,,2026-01-23 00:21:00,
086520,20250519,43150.00,44500.00,43100.00,44100.00,480217,,2026-01-23 00:21:00,
086520,20250520,44300.00,44450.00,41000.00,41200.00,848559,,2026-01-23 00:21:00,
086520,20250521,41150.00,42550.00,41000.00,41000.00,640834,,2026-01-23 00:21:00,
086520,20250522,41050.00,41950.00,39600.00,41300.00,845782,,2026-01-23 00:21:00,
086520,20250523,41550.00,41800.00,39200.00,39300.00,764511,,2026-01-23 00:21:00,
086520,20250526,39050.00,40650.00,39050.00,39500.00,838977,,2026-01-23 00:21:00,
086520,20250527,39200.00,39450.00,37750.00,38350.00,665029,,2026-01-23 00:21:00,
086520,20250528,38750.00,41400.00,38350.00,40900.00,1423135,,2026-01-23 00:21:00,
086520,20250529,41100.00,44250.00,40100.00,43050.00,2143367,,2026-01-23 00:21:00,
086520,20250530,42700.00,43200.00,41450.00,42800.00,1271592,,2026-01-23 00:21:00,
086520,20250602,42900.00,44700.00,41900.00,42100.00,882100,,2026-01-23 00:21:00,
086520,20250604,43050.00,45100.00,43050.00,43700.00,1327121,,2026-01-23 00:21:00,
086520,20250605,43800.00,45750.00,43050.00,45350.00,908761,,2026-01-23 00:21:00,
086520,20250609,44850.00,45250.00,43550.00,44300.00,675804,,2026-01-23 00:21:00,
086520,20250610,44800.00,45000.00,43600.00,44200.00,535924,,2026-01-23 00:21:00,
086520,20250611,44550.00,45350.00,44150.00,44450.00,613754,,2026-01-23 00:21:00,
086520,20250612,44250.00,46500.00,44250.00,44800.00,1236590,,2026-01-23 00:21:00,
086520,20250613,44550.00,44700.00,42550.00,42850.00,707979,,2026-01-23 00:21:00,
086520,20250616,42150.00,43100.00,41550.00,42100.00,452980,,2026-01-23 00:21:00,
086520,20250617,42350.00,43000.00,41400.00,41550.00,560646,,2026-01-23 00:21:00,
086520,20250618,41700.00,42750.00,41500.00,41800.00,460963,,2026-01-23 00:21:00,
086520,20250619,42200.00,42550.00,41100.00,41300.00,515442,,2026-01-23 00:21:00,
086520,20250620,41400.00,44800.00,41000.00,44250.00,1571903,,2026-01-23 00:21:00,
086520,20250623,43000.00,43350.00,42100.00,42850.00,649456,,2026-01-23 00:21:00,
086520,20250624,44300.00,50500.00,44300.00,48900.00,3519746,,2026-01-23 00:21:00,
086520,20250625,48450.00,48650.00,47350.00,48000.00,970352,,2026-01-23 00:21:00,
086520,20250626,48900.00,49100.00,46850.00,47350.00,787823,,2026-01-23 00:21:00,
086520,20250627,47300.00,47500.00,44650.00,44950.00,807129,,2026-01-23 00:21:00,
086520,20250630,45250.00,46300.00,44650.00,45150.00,584486,,2026-01-23 00:21:00,
086520,20250701,45250.00,46450.00,44750.00,45500.00,708583,,2026-01-23 00:21:00,
086520,20250702,45150.00,45700.00,44700.00,45650.00,405636,,2026-01-23 00:21:00,
086520,20250703,46350.00,48550.00,46050.00,48100.00,1347139,,2026-01-23 00:21:00,
086520,20250704,47550.00,47700.00,46600.00,46850.00,557597,,2026-01-23 00:21:00,
086520,20250707,47300.00,47850.00,45150.00,45200.00,566169,,2026-01-23 00:21:00,
086520,20250708,45200.00,45900.00,44500.00,44900.00,448922,,2026-01-23 00:21:00,
086520,20250709,45400.00,45800.00,44550.00,44800.00,381876,,2026-01-23 00:21:00,
086520,20250710,45250.00,45350.00,44650.00,45300.00,460539,,2026-01-23 00:21:00,
086520,20250711,45800.00,48250.00,45650.00,47200.00,1483975,,2026-01-23 00:21:00,2026-01-23 00:21:00
086520,20250714,47800.00,49300.00,46400.00,47800.00,970963,,2026-01-23 00:21:00,
086520,20250715,47650.00,48100.00,47000.00,47200.00,515420,,2026-01-23 00:21:00,
086520,20250716,47000.00,47450.00,46050.00,46100.00,374233,,2026-01-23 00:21:00,
086520,20250717,47150.00,48300.00,46200.00,46600.00,627501,,2026-01-23 00:21:00,
086520,20250718,47500.00,49550.00,47350.00,48450.00,2148618,,2026-01-23 00:21:00,
086520,20250721,48650.00,50200.00,48300.00,49600.00,1147605,,2026-01-23 00:21:00,
086520,20250722,50200.00,50300.00,47650.00,47700.00,878043,,2026-01-23 00:21:00,
086520,20250723,48700.00,48750.00,46800.00,48000.00,520211,,2026-01-23 00:21:00,
086520,20250724,48100.00,49400.00,47900.00,48750.00,675847,,2026-01-23 00:21:00,
086520,20250725,48600.00,52400.00,48100.00,50800.00,2119639,,2026-01-23 00:21:00,
086520,20250728,51400.00,52800.00,50300.00,51900.00,1138592,,2026-01-23 00:21:00,
086520,20250729,51000.00,51000.00,49900.00,49900.00,721467,,2026-01-23 00:21:00,
086520,20250730,49950.00,51600.00,49500.00,51000.00,765856,,2026-01-23 00:21:00,
086520,20250731,52100.00,52100.00,49000.00,49300.00,963424,,2026-01-23 00:21:00,
086520,20250801,48750.00,49950.00,47650.00,47700.00,657619,,2026-01-23 00:21:00,
086520,20250804,48250.00,48700.00,47450.00,48000.00,326479,,2026-01-23 00:21:00,
086520,20250805,48400.00,53800.00,48400.00,52100.00,2182627,,2026-01-23 00:21:00,
086520,20250806,52400.00,53800.00,51000.00,51900.00,1360405,,2026-01-23 00:21:00,
086520,20250807,52600.00,52600.00,51000.00,51900.00,476041,,2026-01-23 00:21:00,
086520,20250808,52000.00,53000.00,51700.00,52000.00,488052,,2026-01-23 00:21:00,
086520,20250811,53000.00,54900.00,53000.00,54500.00,1430799,,2026-01-23 00:21:00,
086520,20250812,53800.00,59400.00,53400.00,57100.00,2793008,,2026-01-23 00:21:00,
086520,20250813,58500.00,58500.00,56600.00,57200.00,803481,,2026-01-23 00:21:00,
086520,20250814,57700.00,59000.00,57200.00,58600.00,924021,,2026-01-23 00:21:00,
086520,20250818,59000.00,59400.00,56100.00,56100.00,736504,,2026-01-23 00:21:00,
086520,20250819,56800.00,57800.00,55600.00,56500.00,612230,,2026-01-23 00:21:00,
086520,20250820,54700.00,56700.00,54600.00,55100.00,604280,,2026-01-23 00:21:00,
086520,20250821,55200.00,55300.00,53600.00,54300.00,546866,,2026-01-23 00:21:00,
086520,20250822,53900.00,54500.00,53300.00,53700.00,311691,,2026-01-23 00:21:00,
086520,20250825,55100.00,55900.00,54400.00,55200.00,441214,,2026-01-23 00:21:00,
086520,20250826,55300.00,55700.00,54700.00,55500.00,455783,,2026-01-23 00:21:00,
086520,20250827,55900.00,57100.00,54800.00,55000.00,580856,,2026-01-23 00:21:00,
086520,20250828,55500.00,55700.00,52500.00,52500.00,731061,,2026-01-23 00:21:00,
086520,20250829,52600.00,52700.00,50500.00,50600.00,688283,,2026-01-23 00:21:00,
086520,20250901,50200.00,51100.00,49700.00,49900.00,369736,,2026-01-23 00:21:00,
086520,20250902,50300.00,50400.00,49450.00,50300.00,291163,,2026-01-23 00:21:00,
086520,20250903,50100.00,50400.00,49700.00,49900.00,250529,,2026-01-23 00:21:00,
086520,20250904,51200.00,51200.00,49900.00,50100.00,310131,,2026-01-23 00:21:00,
086520,20250905,50600.00,50700.00,49750.00,49800.00,304167,,2026-01-23 00:21:00,
086520,20250908,49000.00,50300.00,49000.00,49600.00,319023,,2026-01-23 00:21:00,
086520,20250909,49750.00,50100.00,49300.00,49600.00,332898,,2026-01-23 00:21:00,
086520,20250910,49350.00,49550.00,48300.00,49200.00,736840,,2026-01-23 00:21:00,
086520,20250911,49300.00,49500.00,48550.00,48600.00,781656,,2026-01-23 00:21:00,
086520,20250912,49250.00,49650.00,49100.00,49100.00,807056,,2026-01-23 00:21:00,
086520,20250915,49800.00,50800.00,49500.00,49500.00,762016,,2026-01-23 00:21:00,
086520,20250916,50300.00,50500.00,49200.00,49200.00,738049,,2026-01-23 00:21:00,
086520,20250917,49550.00,50400.00,49150.00,49750.00,455056,,2026-01-23 00:21:00,
086520,20250918,50000.00,50600.00,49350.00,50600.00,458044,,2026-01-23 00:21:00,
086520,20250919,50500.00,50600.00,49750.00,49750.00,449408,,2026-01-23 00:21:00,
086520,20250922,49850.00,50500.00,49550.00,49550.00,358570,,2026-01-23 00:21:00,
086520,20250923,49750.00,49950.00,49250.00,49650.00,374300,,2026-01-23 00:21:00,
086520,20250924,50300.00,50500.00,48300.00,48550.00,521001,,2026-01-23 00:21:00,
086520,20250925,48800.00,50200.00,48800.00,50100.00,526692,,2026-01-23 00:21:00,
086520,20250926,49500.00,49550.00,48050.00,48100.00,472959,,2026-01-23 00:21:00,
086520,20250929,48700.00,48700.00,47600.00,48400.00,315622,,2026-01-23 00:21:00,
086520,20250930,48200.00,48250.00,47450.00,47450.00,320641,,2026-01-23 00:21:00,
086520,20251001,47650.00,47850.00,46900.00,47200.00,333265,,2026-01-23 00:21:00,
086520,20251002,47450.00,48250.00,47350.00,47350.00,455731,,2026-01-23 00:21:00,
086520,20251010,47350.00,47450.00,46000.00,46550.00,591058,,2026-01-23 00:21:00,
086520,20251013,45900.00,49150.00,45550.00,48600.00,817657,,2026-01-23 00:21:00,
086520,20251014,49000.00,51100.00,48500.00,50400.00,1247871,,2026-01-23 00:21:00,
086520,20251015,50500.00,50700.00,49550.00,50600.00,439055,,2026-01-23 00:21:00,
086520,20251016,50700.00,57700.00,50400.00,57700.00,2693674,,2026-01-23 00:21:00,
086520,20251017,61600.00,73900.00,59400.00,73300.00,11077590,,2026-01-23 00:21:00,
086520,20251020,74800.00,80300.00,70700.00,77700.00,7848219,,2026-01-23 00:21:00,
086520,20251021,77200.00,81700.00,74100.00,75900.00,4655287,,2026-01-23 00:21:00,
086520,20251022,79800.00,88500.00,78700.00,87400.00,7354068,,2026-01-23 00:21:00,
086520,20251023,87200.00,87200.00,81500.00,81500.00,2106961,,2026-01-23 00:21:00,
086520,20251024,83900.00,89100.00,83900.00,88300.00,2405485,,2026-01-23 00:21:00,
086520,20251027,91300.00,94100.00,89700.00,93800.00,2529060,,2026-01-23 00:21:00,
086520,20251028,96700.00,98400.00,90300.00,97200.00,3167748,,2026-01-23 00:21:00,
086520,20251029,95500.00,95800.00,91500.00,93100.00,1769813,,2026-01-23 00:21:00,
086520,20251030,92700.00,98700.00,89000.00,89200.00,2829987,,2026-01-23 00:21:00,
086520,20251031,86800.00,92300.00,86500.00,88000.00,2076158,,2026-01-23 00:21:00,
086520,20251103,91400.00,96000.00,88100.00,94800.00,2687046,,2026-01-23 00:21:00,
086520,20251104,100000.00,102400.00,94300.00,95700.00,2905365,,2026-01-23 00:21:00,
086520,20251105,92800.00,96300.00,87300.00,92800.00,6536141,,2026-01-23 00:21:00,
086520,20251106,97000.00,100900.00,93100.00,93200.00,5661883,,2026-01-23 00:21:00,
086520,20251107,90400.00,94800.00,87100.00,87200.00,3748283,,2026-01-23 00:21:00,
086520,20251110,88400.00,89800.00,82900.00,87900.00,4222485,,2026-01-23 00:21:00,
086520,20251111,89300.00,99800.00,89100.00,94100.00,12469599,,2026-01-23 00:21:00,
086520,20251112,95500.00,95900.00,92400.00,93600.00,2934215,,2026-01-23 00:21:00,
086520,20251113,92400.00,95900.00,91700.00,94700.00,3328565,,2026-01-23 00:21:00,
086520,20251114,91300.00,93800.00,89700.00,89900.00,2562326,,2026-01-23 00:21:00,
086520,20251117,91200.00,92000.00,87300.00,88200.00,2118696,,2026-01-23 00:21:00,
086520,20251118,88800.00,90100.00,81600.00,81600.00,3490767,,2026-01-23 00:21:00,
086520,20251119,81700.00,83100.00,78700.00,79300.00,2668789,,2026-01-23 00:21:00,
086520,20251120,81200.00,85600.00,80600.00,83100.00,2748517,,2026-01-23 00:21:00,
086520,20251121,78500.00,81900.00,78500.00,78800.00,1613229,,2026-01-23 00:21:00,
086520,20251124,79700.00,80000.00,74100.00,75300.00,2486630,,2026-01-23 00:21:00,
086520,20251125,78000.00,78700.00,74700.00,75200.00,1687724,,2026-01-23 00:21:00,
086520,20251126,76600.00,84100.00,76000.00,83500.00,3702745,,2026-01-23 00:21:00,
086520,20251127,83900.00,85100.00,81800.00,81900.00,1946496,,2026-01-23 00:21:00,
086520,20251128,84500.00,86000.00,82500.00,84500.00,2316467,,2026-01-23 00:21:00,
086520,20251201,86800.00,95000.00,86300.00,93000.00,8010476,,2026-01-23 00:21:00,
086520,20251202,93000.00,95600.00,90000.00,94100.00,4631955,,2026-01-23 00:21:00,
086520,20251203,94400.00,96200.00,92600.00,93400.00,2377262,,2026-01-23 00:21:00,
086520,20251204,93800.00,94700.00,91000.00,91500.00,2051894,,2026-01-23 00:21:00,
086520,20251205,90500.00,99000.00,90400.00,96900.00,8523311,,2026-01-23 00:21:00,
086520,20251208,99700.00,119000.00,99000.00,117500.00,19608074,,2026-01-23 00:21:00,
086520,20251209,114600.00,119600.00,112900.00,117800.00,7636333,,2026-01-23 00:21:00,
086520,20251210,120200.00,121600.00,115500.00,116800.00,5816960,,2026-01-23 00:21:00,
086520,20251211,117500.00,118200.00,112500.00,112800.00,4019192,,2026-01-23 00:21:00,
086520,20251212,113500.00,116400.00,108500.00,111400.00,4218295,,2026-01-23 00:21:00,
086520,20251215,108600.00,112400.00,108100.00,110200.00,2409445,,2026-01-23 00:21:00,
086520,20251216,110200.00,110300.00,100700.00,101300.00,3953462,,2026-01-23 00:21:00,
086520,20251217,102900.00,107700.00,100700.00,103300.00,3654517,,2026-01-23 00:21:00,
086520,20251218,99200.00,101700.00,98300.00,98400.00,2739251,,2026-01-23 00:21:00,
086520,20251219,99700.00,100000.00,92100.00,96800.00,5129836,,2026-01-23 00:21:00,
086520,20251222,97700.00,100000.00,96000.00,98000.00,2277043,,2026-01-23 00:21:00,
086520,20251223,99000.00,99100.00,96000.00,97300.00,1487391,,2026-01-23 00:21:00,
086520,20251224,98300.00,99900.00,97050.00,97300.00,1784169,,2026-01-23 00:21:00,
086520,20251226,97500.00,100800.00,95300.00,97000.00,2388776,,2026-01-23 00:21:00,
086520,20251229,94700.00,100300.00,93500.00,96900.00,2671495,,2026-01-23 00:21:00,
086520,20251230,95100.00,95200.00,90500.00,90800.00,2856805,,2026-01-23 00:21:00,
086520,20260102,89900.00,91700.00,87800.00,88300.00,1792900,,2026-01-23 00:21:00,
086520,20260105,87000.00,91500.00,87000.00,89900.00,1813119,,2026-01-23 00:21:00,
086520,20260106,95800.00,96000.00,91600.00,93200.00,1874200,,2026-01-23 00:21:00,
086520,20260107,93500.00,96000.00,91600.00,92500.00,1261733,,2026-01-23 00:21:00,
086520,20260108,93400.00,94800.00,91500.00,91600.00,1071272,,2026-01-23 00:21:00,
086520,20260109,92900.00,93000.00,88000.00,88000.00,1595043,,2026-01-23 00:21:00,
086520,20260112,87100.00,95500.00,87100.00,93800.00,3085608,,2026-01-23 00:21:00,
086520,20260113,95300.00,97600.00,92600.00,97300.00,1930443,,2026-01-23 00:21:00,
086520,20260114,97300.00,97400.00,93300.00,94200.00,1228861,,2026-01-23 00:21:00,
086520,20260115,93600.00,95500.00,92600.00,94700.00,1164784,,2026-01-23 00:21:00,
086520,20260116,94900.00,96000.00,91800.00,92600.00,1150134,,2026-01-23 00:21:00,
086520,20260119,91400.00,95900.00,91000.00,95000.00,1854083,,2026-01-23 00:21:00,
086520,20260120,95300.00,101000.00,94500.00,98300.00,3536949,,2026-01-23 00:21:00,
086520,20260121,95400.00,97400.00,93300.00,95100.00,1690839,,2026-01-23 00:21:00,
086520,20260122,96800.00,107300.00,95500.00,105000.00,6816773,,2026-01-23 00:21:00,
