NAS,AMD,20260722,526.88,561.47,526.60,552.33,24776665,,2026-07-24 00:53:36,
NAS,AMD,20260721,526.00,548.14,522.60,544.43,29045125,,2026-07-24 00:53:36,
NAS,AMD,20260720,517.00,522.44,502.36,503.57,23440720,,2026-07-24 00:53:36,
NAS,AMD,20260717,476.88,505.88,460.21,495.76,32115875,,2026-07-24 00:53:36,
NAS,AMD,20260716,509.33,518.74,491.80,500.94,27093696,,2026-07-24 00:53:36,
NAS,AMD,20260715,556.02,558.89,509.57,529.14,27826203,,2026-07-24 00:53:36,
NAS,AMD,20260714,567.22,574.20,546.77,548.13,21201370,,2026-07-24 00:53:36,
NAS,AMD,20260713,537.50,551.87,526.92,534.39,22957350,,2026-07-24 00:53:36,
NAS,AMD,20260710,544.01,560.25,540.05,557.89,20704530,,2026-07-24 00:53:36,
NAS,AMD,20260709,537.27,559.50,535.20,546.72,26900808,,2026-07-24 00:53:36,
NAS,AMD,20260708,504.81,522.98,498.15,517.41,23768536,,2026-07-24 00:53:36,
NAS,AMD,20260707,515.91,524.97,503.11,516.11,29166801,,2026-07-24 00:53:36,
NAS,AMD,20260706,535.35,572.50,527.00,552.05,30684180,,2026-07-24 00:53:36,
NAS,AMD,20260702,538.16,547.65,506.00,517.82,28228930,,2026-07-24 00:53:36,
NAS,AMD,20260701,557.53,564.09,538.74,540.88,28326776,,2026-07-24 00:53:36,
NAS,AMD,20260630,545.57,584.73,545.57,580.91,34488503,,2026-07-24 00:53:36,
NAS,AMD,20260629,522.84,542.19,495.35,539.49,26671016,,2026-07-24 00:53:36,
NAS,AMD,20260626,519.80,525.11,502.61,521.58,52705137,,2026-07-24 00:53:36,
NAS,AMD,20260625,543.93,550.88,507.00,532.57,27115339,,2026-07-24 00:53:36,
NAS,AMD,20260624,520.82,524.96,503.50,519.74,26548270,,2026-07-24 00:53:36,
NAS,AMD,20260623,509.08,528.49,506.81,519.85,30196780,,2026-07-24 00:53:36,
NAS,AMD,20260622,545.50,562.99,535.71,551.63,25983245,,2026-07-24 00:53:36,
NAS,AMD,20260618,531.58,539.69,526.32,537.37,43805645,,2026-07-24 00:53:36,
NAS,AMD,20260617,529.66,532.50,507.30,512.48,27085340,,2026-07-24 00:53:36,
NAS,AMD,20260616,546.89,548.95,507.25,507.29,28411694,,2026-07-24 00:53:36,
NAS,AMD,20260615,535.75,558.37,530.50,547.26,33482425,,2026-07-24 00:53:36,
NAS,AMD,20260612,499.69,521.71,494.00,511.57,31618462,,2026-07-24 00:53:36,
NAS,AMD,20260611,461.60,490.46,458.02,488.45,30463082,,2026-07-24 00:53:36,
NAS,AMD,20260610,467.97,477.45,448.33,452.40,27777399,,2026-07-24 00:53:36,
NAS,AMD,20260609,502.75,505.00,437.23,475.51,37799812,,2026-07-24 00:53:36,
NAS,AMD,20260608,485.00,494.97,477.71,490.33,25158813,,2026-07-24 00:53:36,
NAS,AMD,20260605,499.53,505.62,463.95,466.38,46900606,,2026-07-24 00:53:36,
NAS,AMD,20260604,514.75,532.19,499.87,523.20,29109999,,2026-07-24 00:53:36,
NAS,AMD,20260603,533.75,546.44,524.30,542.52,29411149,,2026-07-24 00:53:36,
NAS,AMD,20260602,506.30,522.49,501.22,521.54,24293209,,2026-07-24 00:53:36,
NAS,AMD,20260601,500.16,517.50,486.80,510.13,33309248,,2026-07-24 00:53:36,
NAS,AMD,20260529,520.80,522.00,503.43,516.10,30803236,,2026-07-24 00:53:36,
NAS,AMD,20260528,499.00,527.20,493.52,518.09,31438519,,2026-07-24 00:53:36,
NAS,AMD,20260527,508.00,510.21,486.66,495.54,27589331,,2026-07-24 00:53:36,
NAS,AMD,20260526,484.74,506.96,480.23,503.89,38473784,,2026-07-24 00:53:36,
NAS,AMD,20260522,469.84,481.41,461.71,467.51,34758602,,2026-07-24 00:53:36,
NAS,AMD,20260521,441.99,451.20,431.60,449.59,27251983,,2026-07-24 00:53:36,
NAS,AMD,20260520,428.04,449.39,426.05,447.58,36137499,,2026-07-24 00:53:36,
NAS,AMD,20260519,412.60,428.75,393.36,414.05,38756913,,2026-07-24 00:53:36,
NAS,AMD,20260518,429.50,438.80,410.71,420.99,28432130,,2026-07-24 00:53:36,
NAS,AMD,20260515,433.34,439.00,423.36,424.10,29131579,,2026-07-24 00:53:36,
NAS,AMD,20260514,440.60,453.31,435.68,449.70,26113570,,2026-07-24 00:53:36,
NAS,AMD,20260513,457.04,459.50,432.65,445.50,30423354,,2026-07-24 00:53:36,
NAS,AMD,20260512,449.25,458.80,426.11,448.29,39140061,,2026-07-24 00:53:36,
NAS,AMD,20260511,460.55,469.22,450.88,458.79,46085390,,2026-07-24 00:53:36,
NAS,AMD,20260508,418.59,456.29,418.29,455.19,58134868,,2026-07-24 00:53:36,
NAS,AMD,20260507,417.07,421.71,401.08,408.46,44885481,,2026-07-24 00:53:36,
NAS,AMD,20260506,409.49,430.60,402.04,421.39,87732167,,2026-07-24 00:53:36,
NAS,AMD,20260505,351.51,359.57,344.88,355.26,64235117,,2026-07-24 00:53:36,
NAS,AMD,20260504,360.31,361.85,338.70,341.54,42000243,,2026-07-24 00:53:36,
NAS,AMD,20260501,351.87,362.79,349.25,360.54,34279169,,2026-07-24 00:53:36,
NAS,AMD,20260430,341.36,354.96,332.60,354.49,42115325,,2026-07-24 00:53:36,
NAS,AMD,20260429,326.58,340.17,318.86,337.11,44704367,,2026-07-24 00:53:36,
NAS,AMD,20260428,311.86,327.50,310.00,323.21,43002479,,2026-07-24 00:53:36,
NAS,AMD,20260427,346.32,349.21,328.81,334.63,50585307,,2026-07-24 00:53:36,
NAS,AMD,20260424,336.76,352.99,334.54,347.81,81616660,,2026-07-24 00:53:36,
NAS,AMD,20260423,302.01,310.22,299.76,305.33,45619726,,2026-07-24 00:53:36,
NAS,AMD,20260422,291.22,304.25,286.14,303.46,49054237,,2026-07-24 00:53:36,
NAS,AMD,20260421,277.33,286.20,276.62,284.49,38950875,,2026-07-24 00:53:36,
NAS,AMD,20260420,280.60,287.61,272.00,274.95,34833859,,2026-07-24 00:53:36,
NAS,AMD,20260417,281.00,281.05,274.14,278.39,35519852,,2026-07-24 00:53:36,2026-07-24 00:53:36
NAS,AMD,20260416,264.99,279.34,261.51,278.26,64850772,,2026-07-24 00:53:36,2026-07-24 00:53:36
NAS,AMD,20260415,254.96,258.18,251.85,258.12,24695184,,2026-07-24 00:53:36,2026-07-24 00:53:36
NAS,AMD,20260414,249.79,255.46,245.70,255.07,25733227,,2026-07-24 00:53:36,2026-07-24 00:53:36
NAS,AMD,20260413,245.03,247.33,242.03,246.83,22781787,,2026-07-24 00:53:36,2026-07-24 00:53:36
NAS,AMD,20260410,239.00,249.58,238.96,245.04,36477243,,2026-07-24 00:53:36,2026-07-24 00:53:36
NAS,AMD,20260409,233.01,237.10,230.91,236.64,27126209,,2026-07-24 00:53:36,2026-07-24 00:53:36
NAS,AMD,20260408,232.12,234.00,227.09,231.82,35496362,,2026-07-24 00:53:36,2026-07-24 00:53:36
NAS,AMD,20260407,218.26,222.10,215.38,221.53,26483009,,2026-07-24 00:53:36,2026-07-24 00:53:36
NAS,AMD,20260406,219.28,226.31,217.73,220.18,30786420,,2026-07-24 00:53:36,2026-07-24 00:53:36
NAS,AMD,20260402,204.05,217.78,200.62,217.50,38463484,,2026-07-24 00:53:36,2026-07-24 00:53:36
NAS,AMD,20260401,207.59,213.83,205.84,210.21,40835794,,2026-07-24 00:53:36,2026-07-24 00:53:36
NAS,AMD,20260331,198.05,204.00,196.41,203.43,42318748,,2026-07-24 00:53:36,2026-07-24 00:53:36
NAS,AMD,20260330,204.95,208.43,192.87,196.04,41053298,,2026-07-24 00:53:36,2026-07-24 00:53:36
NAS,AMD,20260327,201.77,203.27,197.69,201.99,29206578,,2026-07-24 00:53:36,2026-07-24 00:53:36
NAS,AMD,20260326,217.98,221.00,203.43,203.77,49212976,,2026-07-24 00:53:36,2026-07-24 00:53:36
NAS,AMD,20260325,211.51,221.33,211.51,220.27,48518269,,2026-07-24 00:53:36,2026-07-24 00:53:36
NAS,AMD,20260324,201.39,206.43,200.13,205.37,27258849,,2026-07-24 00:53:36,2026-07-24 00:53:36
NAS,AMD,20260323,206.40,209.11,201.71,202.68,31857752,,2026-07-24 00:53:36,2026-07-24 00:53:36
NAS,AMD,20260320,204.89,206.30,198.26,201.33,37265103,,2026-07-24 00:53:36,2026-07-24 00:53:36
NAS,AMD,20260319,195.03,205.88,192.83,205.27,32245329,,2026-07-24 00:53:36,2026-07-24 00:53:36
NAS,AMD,20260318,196.00,202.86,195.75,199.46,28569135,,2026-07-24 00:53:36,2026-07-24 00:53:36
NAS,AMD,20260317,196.68,199.21,195.26,196.31,22779675,,2026-07-24 00:53:36,2026-07-24 00:53:36
NAS,AMD,20260316,194.98,200.17,194.80,196.58,30285170,,2026-07-24 00:53:36,2026-07-24 00:53:36
NAS,AMD,20260313,198.11,199.68,192.27,193.39,27561888,,2026-07-24 00:53:36,2026-07-24 00:53:36
NAS,AMD,20260312,202.83,203.62,196.67,197.74,28886913,,2026-07-24 00:53:36,2026-07-24 00:53:36
NAS,AMD,20260311,205.11,209.21,203.63,204.83,23076366,,2026-07-24 00:53:36,2026-07-24 00:53:36
NAS,AMD,20260310,202.51,206.59,202.20,203.23,29139162,,2026-07-24 00:53:36,2026-07-24 00:53:36
NAS,AMD,20260309,189.36,202.97,189.02,202.68,38877220,,2026-07-24 00:53:36,2026-07-24 00:53:36
NAS,AMD,20260306,195.27,200.24,191.25,192.43,33913779,,2026-07-24 00:53:36,2026-07-24 00:53:36
NAS,AMD,20260305,197.77,203.79,194.88,199.45,36000660,,2026-07-24 00:53:36,2026-07-24 00:53:36
NAS,AMD,20260304,192.12,202.44,189.86,202.07,40912561,,2026-07-24 00:53:36,2026-07-24 00:53:36
NAS,AMD,20260303,191.46,193.64,188.22,190.95,37785697,,2026-07-24 00:53:36,2026-07-24 00:53:36
NAS,AMD,20260302,193.85,198.74,190.00,198.62,34120155,,2026-07-24 00:53:36,2026-07-24 00:53:36
NAS,AMD,20260227,200.11,201.89,197.74,200.21,31312396,,2026-07-24 00:53:36,2026-07-24 00:53:36
NAS,AMD,20260226,208.80,209.79,201.46,203.68,35020472,,2026-07-24 00:53:36,
NAS,AMD,20260225,214.82,216.70,210.33,210.86,44588059,,2026-07-24 00:53:36,
NAS,AMD,20260224,211.63,216.71,206.50,213.84,81367020,,2026-07-24 00:53:36,
NAS,AMD,20260223,198.09,199.38,194.15,196.60,28187909,,2026-07-24 00:53:36,
NAS,AMD,20260220,200.12,204.87,198.56,200.15,36317256,,2026-07-24 00:53:36,
NAS,AMD,20260219,200.11,204.10,198.29,203.37,25842274,,2026-07-24 00:53:36,
NAS,AMD,20260218,198.41,203.20,195.00,200.12,35664087,,2026-07-24 00:53:36,
NAS,AMD,20260217,202.15,205.30,194.83,203.08,33712081,,2026-07-24 00:53:36,
NAS,AMD,20260213,204.02,210.05,203.88,207.32,26123882,,2026-07-24 00:53:36,
NAS,AMD,20260212,215.83,218.46,205.14,205.94,32180957,,2026-07-24 00:53:36,
NAS,AMD,20260211,217.88,219.65,209.21,213.58,33384744,,2026-07-24 00:53:36,
NAS,AMD,20260210,215.14,219.39,213.13,213.57,25326694,,2026-07-24 00:53:36,
NAS,AMD,20260209,206.90,217.60,204.15,216.00,38810841,,2026-07-24 00:53:36,
NAS,AMD,20260206,197.13,209.27,196.43,208.44,54504470,,2026-07-24 00:53:36,
NAS,AMD,20260205,201.86,204.04,190.72,192.50,62196419,,2026-07-24 00:53:36,
NAS,AMD,20260204,215.00,218.58,199.15,200.19,107173293,,2026-07-24 00:53:36,
NAS,AMD,20260203,251.55,252.65,237.04,242.11,53097051,,2026-07-24 00:53:36,
NAS,AMD,20260202,235.77,249.97,235.00,246.27,36308106,,2026-07-24 00:53:36,
NAS,AMD,20260130,236.93,245.24,234.55,236.73,40035670,,2026-07-24 00:53:36,
NAS,AMD,20260129,254.66,260.53,240.91,252.18,31685168,,2026-07-24 00:53:36,
NAS,AMD,20260128,254.13,257.40,250.21,252.74,27061187,,2026-07-24 00:53:36,
NAS,AMD,20260127,252.16,255.55,247.96,252.03,25691598,,2026-07-24 00:53:36,
NAS,AMD,20260126,256.75,258.29,250.30,251.31,30672461,,2026-07-24 00:53:36,
NAS,AMD,20260123,261.18,266.96,256.25,259.68,47525928,,2026-07-24 00:53:36,
NAS,AMD,20260122,251.75,256.08,246.63,253.73,37945005,,2026-07-24 00:53:36,
NAS,AMD,20260121,235.99,252.90,235.78,249.80,62385578,,2026-07-24 00:53:36,
NAS,AMD,20260120,226.08,239.50,225.41,231.92,44327712,,2026-07-24 00:53:36,
NAS,AMD,20260116,234.30,234.49,228.86,231.83,42545614,,2026-07-24 00:53:36,
NAS,AMD,20260115,227.90,238.35,227.22,227.92,55270210,,2026-07-24 00:53:36,
NAS,AMD,20260114,217.54,224.09,215.11,223.60,40466520,,2026-07-24 00:53:36,
NAS,AMD,20260113,215.10,223.11,214.98,220.97,56894937,,2026-07-24 00:53:36,
NAS,AMD,20260112,201.18,209.88,199.80,207.69,27287274,,2026-07-24 00:53:36,
NAS,AMD,20260109,205.72,207.30,203.07,203.17,24217339,,2026-07-24 00:53:36,
NAS,AMD,20260108,210.90,210.94,203.33,204.68,27505031,,2026-07-24 00:53:36,
NAS,AMD,20260107,212.13,212.13,207.17,210.02,29715483,,2026-07-24 00:53:36,2026-07-24 00:53:36
NAS,AMD,20260106,222.71,222.92,211.25,214.35,40033208,,2026-07-24 00:53:36,2026-07-24 00:53:36
NAS,AMD,20260105,230.25,234.02,220.48,221.08,31941147,,2026-07-24 00:53:36,2026-07-24 00:53:36
NAS,AMD,20260102,218.90,227.15,218.90,223.47,36446169,,2026-07-24 00:53:36,2026-07-24 00:53:36
NAS,AMD,20251231,215.82,217.64,213.80,214.16,17591581,,2026-07-24 00:53:36,2026-07-24 00:53:36
NAS,AMD,20251230,215.87,216.82,214.33,215.34,16409566,,2026-07-24 00:53:36,2026-07-24 00:53:36
NAS,AMD,20251229,211.58,216.05,209.24,215.61,20326855,,2026-07-24 00:53:36,2026-07-24 00:53:36
NAS,AMD,20251226,215.43,216.83,213.03,214.99,15792558,,2026-07-24 00:53:36,2026-07-24 00:53:36
NAS,AMD,20251224,214.98,216.54,213.97,215.04,7956797,,2026-07-24 00:53:36,2026-07-24 00:53:36
NAS,AMD,20251223,212.86,217.03,212.28,214.90,20272288,,2026-07-24 00:53:36,2026-07-24 00:53:36
NAS,AMD,20251222,220.00,220.17,213.31,214.95,24950728,,2026-07-24 00:53:36,2026-07-24 00:53:36
NAS,AMD,20251219,204.60,215.18,204.20,213.43,58445450,,2026-07-24 00:53:36,2026-07-24 00:53:36
NAS,AMD,20251218,203.82,206.36,200.50,201.06,29720136,,2026-07-24 00:53:36,2026-07-24 00:53:36
NAS,AMD,20251217,210.04,211.50,197.53,198.11,31595409,,2026-07-24 00:53:36,2026-07-24 00:53:36
NAS,AMD,20251216,206.92,210.22,205.11,209.17,23467569,,2026-07-24 00:53:36,2026-07-24 00:53:36
NAS,AMD,20251215,212.28,215.36,206.58,207.58,27222196,,2026-07-24 00:53:36,2026-07-24 00:53:36
NAS,AMD,20251212,218.37,222.49,209.06,210.78,37073910,,2026-07-24 00:53:36,2026-07-24 00:53:36
NAS,AMD,20251211,217.81,221.50,210.19,221.43,30694649,,2026-07-24 00:53:36,2026-07-24 00:53:36
NAS,AMD,20251210,222.00,222.61,218.67,221.42,23279366,,2026-07-24 00:53:36,2026-07-24 00:53:36
NAS,AMD,20251209,221.04,224.84,217.91,221.62,25166128,,2026-07-24 00:53:36,2026-07-24 00:53:36
NAS,AMD,20251208,219.09,223.71,218.36,221.11,30943182,,2026-07-24 00:53:36,2026-07-24 00:53:36
NAS,AMD,20251205,217.17,223.64,216.24,217.97,33292396,,2026-07-24 00:53:36,2026-07-24 00:53:36
NAS,AMD,20251204,216.88,219.12,214.14,215.98,24478204,,2026-07-24 00:53:36,2026-07-24 00:53:36
NAS,AMD,20251203,216.26,218.20,211.77,217.60,28545180,,2026-07-24 00:53:36,2026-07-24 00:53:36
NAS,AMD,20251202,221.79,225.98,214.39,215.24,42002462,,2026-07-24 00:53:36,2026-07-24 00:53:36
NAS,AMD,20251201,213.88,220.98,213.50,219.76,30768722,,2026-07-24 00:53:36,2026-07-24 00:53:36
NAS,AMD,20251128,216.14,218.30,214.02,217.53,18657987,,2026-07-24 00:53:36,2026-07-24 00:53:36
NAS,AMD,20251126,210.05,215.59,207.00,214.24,43270240,,2026-07-24 00:53:36,2026-07-24 00:53:36
NAS,AMD,20251125,201.48,206.58,194.28,206.13,69773496,,2026-07-24 00:53:36,2026-07-24 00:53:36
NAS,AMD,20251124,207.16,217.13,205.85,215.05,46749561,,2026-07-24 00:53:36,2026-07-24 00:53:36
NAS,AMD,20251121,208.81,208.83,195.00,203.78,67421145,,2026-07-24 00:53:36,2026-07-24 00:53:36
NAS,AMD,20251120,232.70,234.25,204.53,206.02,66342870,,2026-07-24 00:53:36,
NAS,AMD,20251119,230.26,235.28,219.71,223.55,52093445,,2026-07-24 00:53:36,
NAS,AMD,20251118,236.78,238.00,224.71,230.29,45619850,,2026-07-24 00:53:36,
NAS,AMD,20251117,242.75,248.77,237.15,240.52,37942206,,2026-07-24 00:53:36,
NAS,AMD,20251114,240.11,253.44,235.08,246.81,47655644,,2026-07-24 00:53:36,
NAS,AMD,20251113,251.90,259.63,246.06,247.96,63178592,,2026-07-24 00:53:36,
NAS,AMD,20251112,253.13,263.51,250.00,258.89,108941979,,2026-07-24 00:53:36,
NAS,AMD,20251111,241.66,248.46,234.64,237.52,61336768,,2026-07-24 00:53:36,
NAS,AMD,20251110,242.14,248.90,240.50,243.98,43361641,,2026-07-24 00:53:36,
NAS,AMD,20251107,230.94,235.87,224.64,233.54,52162576,,2026-07-24 00:53:36,
NAS,AMD,20251106,253.47,253.51,235.74,237.70,66049698,,2026-07-24 00:53:36,
NAS,AMD,20251105,243.24,259.65,242.81,256.33,67366572,,2026-07-24 00:53:36,
NAS,AMD,20251104,250.35,257.38,247.39,250.05,56491830,,2026-07-24 00:53:36,
NAS,AMD,20251103,259.33,260.91,253.89,259.65,36351420,,2026-07-24 00:53:36,
NAS,AMD,20251031,259.60,262.13,253.41,256.12,34449205,,2026-07-24 00:53:36,
NAS,AMD,20251030,259.92,263.88,252.31,254.84,45162492,,2026-07-24 00:53:36,
NAS,AMD,20251029,264.19,267.08,257.40,264.33,49335594,,2026-07-24 00:53:36,
NAS,AMD,20251028,259.14,264.58,257.00,258.01,47448669,,2026-07-24 00:53:36,
NAS,AMD,20251027,257.88,260.42,249.80,259.67,65613111,,2026-07-24 00:53:36,
NAS,AMD,20251024,243.36,253.39,241.95,252.92,71221144,,2026-07-24 00:53:36,
NAS,AMD,20251023,230.16,235.90,228.54,234.99,39024429,,2026-07-24 00:53:36,
NAS,AMD,20251022,236.85,240.13,224.88,230.23,59668778,,2026-07-24 00:53:36,
NAS,AMD,20251021,239.39,242.26,234.02,238.03,47122393,,2026-07-24 00:53:36,
NAS,AMD,20251020,236.47,242.88,234.40,240.56,56741695,,2026-07-24 00:53:36,
NAS,AMD,20251017,233.26,235.38,227.91,233.08,55804203,,2026-07-24 00:53:36,
NAS,AMD,20251016,236.29,241.20,232.24,234.56,69726437,,2026-07-24 00:53:36,
NAS,AMD,20251015,222.71,239.24,220.76,238.60,108480962,,2026-07-24 00:53:36,
NAS,AMD,20251014,219.20,224.98,215.90,218.09,71216269,,2026-07-24 00:53:36,
NAS,AMD,20251013,220.20,224.19,214.90,216.42,63104021,,2026-07-24 00:53:36,
NAS,AMD,20251010,232.77,234.22,213.20,214.90,118656636,,2026-07-24 00:53:36,
NAS,AMD,20251009,236.30,240.10,229.53,232.89,94290740,,2026-07-24 00:53:36,
NAS,AMD,20251008,212.95,235.87,210.70,235.56,159983459,,2026-07-24 00:53:36,
NAS,AMD,20251007,214.85,218.90,209.28,211.51,115748143,,2026-07-24 00:53:36,
NAS,AMD,20251006,226.45,226.71,203.01,203.71,248859576,,2026-07-24 00:53:36,
NAS,AMD,20251003,170.68,170.68,163.14,164.67,42699147,,2026-07-24 00:53:36,
NAS,AMD,20251002,168.68,171.06,166.12,169.73,55475228,,2026-07-24 00:53:36,
NAS,AMD,20251001,160.93,164.18,160.49,164.01,39895177,,2026-07-24 00:53:36,
NAS,AMD,20250930,160.80,162.28,159.33,161.79,29669331,,2026-07-24 00:53:36,
NAS,AMD,20250929,160.12,164.30,159.90,161.36,39828794,,2026-07-24 00:53:36,2026-07-24 00:53:36
NAS,AMD,20250926,160.52,162.11,157.05,159.46,30316931,,2026-07-24 00:53:36,2026-07-24 00:53:36
NAS,AMD,20250925,157.14,161.63,154.78,161.27,36809877,,2026-07-24 00:53:36,2026-07-24 00:53:36
NAS,AMD,20250924,162.98,165.10,158.43,160.88,38464120,,2026-07-24 00:53:36,2026-07-24 00:53:36
NAS,AMD,20250923,160.52,163.39,159.21,160.90,39448320,,2026-07-24 00:53:36,2026-07-24 00:53:36
NAS,AMD,20250922,157.42,162.68,157.42,159.79,46505480,,2026-07-24 00:53:36,2026-07-24 00:53:36
NAS,AMD,20250919,157.38,159.84,155.90,157.39,55448076,,2026-07-24 00:53:36,2026-07-24 00:53:36
NAS,AMD,20250918,150.96,158.77,149.85,157.92,84549468,,2026-07-24 00:53:36,2026-07-24 00:53:36
NAS,AMD,20250917,159.28,161.63,155.76,159.16,41823842,,2026-07-24 00:53:36,2026-07-24 00:53:36
NAS,AMD,20250916,161.37,161.95,159.22,160.46,27946478,,2026-07-24 00:53:36,2026-07-24 00:53:36
NAS,AMD,20250915,160.01,162.30,157.60,161.16,36808726,,2026-07-24 00:53:36,2026-07-24 00:53:36
NAS,AMD,20250912,157.00,160.41,154.92,158.57,42232777,,2026-07-24 00:53:36,2026-07-24 00:53:36
NAS,AMD,20250911,158.62,160.21,154.99,155.67,48817715,,2026-07-24 00:53:36,2026-07-24 00:53:36
NAS,AMD,20250910,163.54,164.53,158.00,159.54,52465270,,2026-07-24 00:53:36,2026-07-24 00:53:36
NAS,AMD,20250909,151.99,156.66,151.93,155.82,42802472,,2026-07-24 00:53:36,2026-07-24 00:53:36
NAS,AMD,20250908,151.80,152.64,149.22,151.41,41848995,,2026-07-24 00:53:36,2026-07-24 00:53:36
NAS,AMD,20250905,157.12,157.14,150.18,151.14,78255950,,2026-07-24 00:53:36,2026-07-24 00:53:36
NAS,AMD,20250904,159.94,162.05,157.79,161.79,32103496,,2026-07-24 00:53:36,2026-07-24 00:53:36
NAS,AMD,20250903,161.81,164.75,160.58,162.13,30752786,,2026-07-24 00:53:36,2026-07-24 00:53:36
NAS,AMD,20250902,158.42,162.39,156.62,162.32,38656131,,2026-07-24 00:53:36,2026-07-24 00:53:36
NAS,AMD,20250829,166.81,168.57,161.90,162.63,37516824,,2026-07-24 00:53:36,2026-07-24 00:53:36
NAS,AMD,20250828,168.50,170.99,166.65,168.58,36285192,,2026-07-24 00:53:36,2026-07-24 00:53:36
NAS,AMD,20250827,166.04,167.68,164.65,167.13,37031044,,2026-07-24 00:53:36,2026-07-24 00:53:36
NAS,AMD,20250826,168.65,169.77,164.91,166.62,52138562,,2026-07-24 00:53:36,2026-07-24 00:53:36
NAS,AMD,20250825,165.55,165.59,161.72,163.36,36134684,,2026-07-24 00:53:36,2026-07-24 00:53:36
NAS,AMD,20250822,162.17,168.53,161.80,167.76,43998605,,2026-07-24 00:53:36,2026-07-24 00:53:36
NAS,AMD,20250821,165.86,165.88,162.26,163.71,37880461,,2026-07-24 00:53:36,2026-07-24 00:53:36
NAS,AMD,20250820,164.10,166.65,158.25,165.20,60233226,,2026-07-24 00:53:36,2026-07-24 00:53:36
NAS,AMD,20250819,173.10,173.17,166.10,166.55,64455006,,2026-07-24 00:53:36,2026-07-24 00:53:36
NAS,AMD,20250818,176.76,178.80,174.36,176.14,35937528,,2026-07-24 00:53:36,2026-07-24 00:53:36
NAS,AMD,20250815,180.06,180.14,176.25,177.51,51543136,,2026-07-24 00:53:36,2026-07-24 00:53:36
NAS,AMD,20250814,179.83,185.44,179.56,180.95,66308821,,2026-07-24 00:53:36,
NAS,AMD,20250813,179.91,186.65,179.38,184.42,108305129,,2026-07-24 00:53:36,
NAS,AMD,20250812,173.32,175.16,168.50,174.95,52335746,,2026-07-24 00:53:36,
NAS,AMD,20250811,170.04,178.82,169.38,172.28,70651033,,2026-07-24 00:53:36,
NAS,AMD,20250808,174.04,176.48,170.52,172.76,68866692,,2026-07-24 00:53:36,
NAS,AMD,20250807,166.84,175.75,166.70,172.40,95448310,,2026-07-24 00:53:36,
NAS,AMD,20250806,165.05,166.18,157.80,163.12,133641835,,2026-07-24 00:53:36,
NAS,AMD,20250805,177.57,177.99,171.80,174.31,88808520,,2026-07-24 00:53:36,
NAS,AMD,20250804,174.61,177.86,173.56,176.78,52951044,,2026-07-24 00:53:36,
NAS,AMD,20250801,170.16,174.40,166.82,171.70,75396130,,2026-07-24 00:53:36,
NAS,AMD,20250731,182.02,182.50,173.00,176.31,71765285,,2026-07-24 00:53:36,
NAS,AMD,20250730,175.61,180.37,173.80,179.51,64820291,,2026-07-24 00:53:36,
NAS,AMD,20250729,175.21,182.31,174.68,177.44,108154838,,2026-07-24 00:53:36,
NAS,AMD,20250728,169.08,174.70,168.67,173.66,68267835,,2026-07-24 00:53:36,
NAS,AMD,20250725,163.51,167.18,162.36,166.47,53432260,,2026-07-24 00:53:36,
NAS,AMD,20250724,159.12,163.93,158.36,162.12,48440112,,2026-07-24 00:53:36,
NAS,AMD,20250723,156.32,159.45,156.00,158.65,41510896,,2026-07-24 00:53:36,
NAS,AMD,20250722,156.20,156.23,149.34,154.72,49028017,,2026-07-24 00:53:36,
NAS,AMD,20250721,157.62,160.34,156.92,157.00,39021130,,2026-07-24 00:53:36,
NAS,AMD,20250718,159.59,160.83,155.81,156.99,48859835,,2026-07-24 00:53:36,
NAS,AMD,20250717,161.81,161.96,158.68,160.41,50605117,,2026-07-24 00:53:36,
NAS,AMD,20250716,155.31,160.36,152.85,160.08,59492760,,2026-07-24 00:53:36,
NAS,AMD,20250715,153.75,158.68,153.56,155.61,93370081,,2026-07-24 00:53:36,
NAS,AMD,20250714,145.09,147.58,141.90,146.24,44718554,,2026-07-24 00:53:36,
NAS,AMD,20250711,142.60,147.40,141.60,146.42,50049179,,2026-07-24 00:53:36,
NAS,AMD,20250710,143.00,145.82,141.85,144.16,61101465,,2026-07-24 00:53:36,
NAS,AMD,20250709,138.69,140.65,137.59,138.41,37013130,,2026-07-24 00:53:36,
NAS,AMD,20250708,137.32,139.15,135.91,137.82,36124612,,2026-07-24 00:53:36,
NAS,AMD,20250707,136.56,137.44,133.50,134.80,37395010,,2026-07-24 00:53:36,
NAS,AMD,20250703,139.11,139.50,137.32,137.91,28645993,,2026-07-24 00:53:36,
NAS,AMD,20250702,135.53,139.78,135.22,138.52,39227986,,2026-07-24 00:53:36,
NAS,AMD,20250701,138.77,140.23,135.12,136.11,55257237,,2026-07-24 00:53:36,
NAS,AMD,20250630,144.00,146.00,141.01,141.90,42972468,,2026-07-24 00:53:36,
NAS,AMD,20250627,144.18,147.75,141.63,143.81,61937853,,2026-07-24 00:53:36,
NAS,AMD,20250626,145.97,146.00,141.91,143.68,58180081,,2026-07-24 00:53:36,
NAS,AMD,20250625,140.94,144.18,139.46,143.40,74607219,,2026-07-24 00:53:36,
NAS,AMD,20250624,133.43,138.79,132.93,138.43,78571997,,2026-07-24 00:53:36,
NAS,AMD,20250623,130.47,133.25,126.82,129.58,65152874,,2026-07-24 00:53:36,
NAS,AMD,20250620,129.00,132.81,127.55,128.24,79930980,,2026-07-24 00:53:35,2026-07-24 00:53:36
NAS,AMD,20250618,128.01,129.21,125.77,126.79,49627112,,2026-07-24 00:53:35,2026-07-24 00:53:36
NAS,AMD,20250617,127.93,130.70,126.58,127.10,86623910,,2026-07-24 00:53:35,2026-07-24 00:53:36
NAS,AMD,20250616,118.64,128.14,117.78,126.39,100968478,,2026-07-24 00:53:35,2026-07-24 00:53:36
NAS,AMD,20250613,116.05,117.88,115.06,116.16,39702742,,2026-07-24 00:53:35,2026-07-24 00:53:36
NAS,AMD,20250612,120.62,122.25,118.03,118.50,44718365,,2026-07-24 00:53:35,2026-07-24 00:53:36
NAS,AMD,20250611,124.44,124.47,119.88,121.14,32261863,,2026-07-24 00:53:35,2026-07-24 00:53:36
NAS,AMD,20250610,121.11,124.09,120.80,123.24,41691908,,2026-07-24 00:53:35,2026-07-24 00:53:36
NAS,AMD,20250609,119.18,122.37,119.04,121.73,55437652,,2026-07-24 00:53:35,2026-07-24 00:53:36
NAS,AMD,20250606,117.69,118.38,115.88,116.19,27042083,,2026-07-24 00:53:35,2026-07-24 00:53:36
NAS,AMD,20250605,118.95,119.24,114.71,115.69,34182902,,2026-07-24 00:53:35,2026-07-24 00:53:36
NAS,AMD,20250604,117.41,119.30,115.73,118.58,31024986,,2026-07-24 00:53:35,2026-07-24 00:53:36
NAS,AMD,20250603,114.50,117.68,113.28,117.31,37161484,,2026-07-24 00:53:35,2026-07-24 00:53:36
NAS,AMD,20250602,111.06,114.86,111.01,114.63,34078358,,2026-07-24 00:53:35,2026-07-24 00:53:36
NAS,AMD,20250530,111.58,112.11,108.62,110.73,36088472,,2026-07-24 00:53:35,2026-07-24 00:53:36
NAS,AMD,20250529,115.49,115.54,112.13,113.03,30572131,,2026-07-24 00:53:35,2026-07-24 00:53:36
NAS,AMD,20250528,114.92,114.95,112.66,112.86,27483741,,2026-07-24 00:53:35,2026-07-24 00:53:36
NAS,AMD,20250527,113.18,115.40,112.27,114.56,37885019,,2026-07-24 00:53:35,2026-07-24 00:53:36
NAS,AMD,20250523,108.09,111.02,107.67,110.31,30867274,,2026-07-24 00:53:35,2026-07-24 00:53:36
NAS,AMD,20250522,111.90,112.64,110.61,110.71,29251957,,2026-07-24 00:53:35,2026-07-24 00:53:36
NAS,AMD,20250521,113.85,116.10,111.09,112.06,43594606,,2026-07-24 00:53:35,2026-07-24 00:53:36
NAS,AMD,20250520,114.35,114.51,112.08,113.51,29030815,,2026-07-24 00:53:35,2026-07-24 00:53:36
NAS,AMD,20250519,115.02,115.53,114.06,114.74,37737373,,2026-07-24 00:53:35,2026-07-24 00:53:36
NAS,AMD,20250516,118.07,118.24,116.01,117.17,43419695,,2026-07-24 00:53:35,2026-07-24 00:53:36
NAS,AMD,20250515,117.02,117.50,114.01,114.99,43843235,,2026-07-24 00:53:35,2026-07-24 00:53:36
NAS,AMD,20250514,119.83,122.52,116.59,117.72,86743700,,2026-07-24 00:53:35,2026-07-24 00:53:36
NAS,AMD,20250513,109.60,113.13,109.00,112.46,55659513,,2026-07-24 00:53:35,2026-07-24 00:53:36
NAS,AMD,20250512,110.42,110.67,106.98,108.12,50543396,,2026-07-24 00:53:35,2026-07-24 00:53:36
NAS,AMD,20250509,102.59,103.54,101.60,102.84,31704261,,2026-07-24 00:53:35,2026-07-24 00:53:36
NAS,AMD,20250508,101.92,105.44,101.56,101.70,54231362,,2026-07-24 00:53:35,2026-07-24 00:53:36
NAS,AMD,20250507,100.75,103.42,96.88,100.36,86648749,,2026-07-24 00:53:35,2026-07-24 00:53:36
NAS,AMD,20250506,98.41,100.07,97.44,98.62,54264254,,2026-07-24 00:53:35,
NAS,AMD,20250505,99.00,102.05,98.76,100.59,41268886,,2026-07-24 00:53:35,
NAS,AMD,20250502,98.40,99.88,98.30,98.80,29957888,,2026-07-24 00:53:35,
NAS,AMD,20250501,99.27,100.10,96.45,96.65,29591507,,2026-07-24 00:53:35,
NAS,AMD,20250430,92.81,97.55,91.87,97.35,29730729,,2026-07-24 00:53:35,
NAS,AMD,20250429,95.76,97.18,95.33,96.06,20700637,,2026-07-24 00:53:35,
NAS,AMD,20250428,95.58,97.49,94.27,96.39,30456683,,2026-07-24 00:53:35,
NAS,AMD,20250425,93.28,97.10,92.85,96.65,28575343,,2026-07-24 00:53:35,
NAS,AMD,20250424,91.59,94.75,90.37,94.47,33681919,,2026-07-24 00:53:35,
NAS,AMD,20250423,91.88,93.74,90.12,90.39,41102589,,2026-07-24 00:53:35,
NAS,AMD,20250422,86.12,87.17,85.17,86.26,35236735,,2026-07-24 00:53:35,
NAS,AMD,20250421,86.02,86.14,83.75,85.56,33855392,,2026-07-24 00:53:35,
NAS,AMD,20250417,88.84,89.03,86.52,87.50,34801437,,2026-07-24 00:53:35,
NAS,AMD,20250416,87.61,90.47,85.30,88.29,62109016,,2026-07-24 00:53:35,
NAS,AMD,20250415,94.66,96.85,94.62,95.29,28116536,,2026-07-24 00:53:35,
NAS,AMD,20250414,97.11,97.37,93.45,94.50,36002970,,2026-07-24 00:53:35,
NAS,AMD,20250411,90.51,94.76,90.50,93.40,57892600,,2026-07-24 00:53:35,
NAS,AMD,20250410,91.00,92.95,85.06,88.70,65210565,,2026-07-24 00:53:35,
NAS,AMD,20250409,79.22,97.91,78.87,96.84,97827352,,2026-07-24 00:53:35,
NAS,AMD,20250408,86.15,88.93,76.48,78.21,69910233,,2026-07-24 00:53:35,
NAS,AMD,20250407,80.68,89.00,77.75,83.64,70515429,,2026-07-24 00:53:35,
NAS,AMD,20250404,90.10,91.08,83.67,85.76,65847021,,2026-07-24 00:53:35,
NAS,AMD,20250403,97.79,99.45,93.64,93.80,50472542,,2026-07-24 00:53:35,
NAS,AMD,20250402,101.52,104.19,100.76,102.96,20793989,,2026-07-24 00:53:35,
NAS,AMD,20250401,102.16,102.83,100.93,102.78,23523230,,2026-07-24 00:53:35,
NAS,AMD,20250331,100.24,102.82,98.80,102.74,30865342,,2026-07-24 00:53:35,
NAS,AMD,20250328,105.53,106.51,102.48,103.22,31069114,,2026-07-24 00:53:35,
NAS,AMD,20250327,106.11,107.62,105.55,106.65,32773714,,2026-07-24 00:53:35,
NAS,AMD,20250326,114.11,115.90,108.68,110.19,39976485,,2026-07-24 00:53:35,
NAS,AMD,20250325,113.27,114.95,112.71,114.81,29077507,,2026-07-24 00:53:35,
NAS,AMD,20250324,109.73,114.85,109.40,113.85,53342002,,2026-07-24 00:53:35,
NAS,AMD,20250321,105.33,107.25,104.33,106.44,30767938,,2026-07-24 00:53:35,
NAS,AMD,20250320,105.12,108.26,105.12,107.14,26871839,,2026-07-24 00:53:35,
NAS,AMD,20250319,104.42,107.90,101.96,106.23,32287496,,2026-07-24 00:53:35,
NAS,AMD,20250318,103.85,104.55,102.97,103.51,27152827,,2026-07-24 00:53:35,
NAS,AMD,20250317,102.60,106.15,102.60,104.59,43689523,,2026-07-24 00:53:35,
NAS,AMD,20250314,99.64,101.22,99.58,100.97,24715265,,2026-07-24 00:53:35,
NAS,AMD,20250313,99.72,100.07,97.27,98.11,28575150,,2026-07-24 00:53:35,2026-07-24 00:53:35
NAS,AMD,20250312,99.05,101.72,98.17,100.79,34241287,,2026-07-24 00:53:35,2026-07-24 00:53:35
NAS,AMD,20250311,96.79,98.16,94.73,96.76,34078300,,2026-07-24 00:53:35,2026-07-24 00:53:35
NAS,AMD,20250310,98.57,101.29,95.83,96.63,38733186,,2026-07-24 00:53:35,2026-07-24 00:53:35
NAS,AMD,20250307,98.88,100.65,96.39,100.31,33254367,,2026-07-24 00:53:35,2026-07-24 00:53:35
NAS,AMD,20250306,99.05,101.08,98.27,98.85,28984978,,2026-07-24 00:53:35,2026-07-24 00:53:35
NAS,AMD,20250305,100.36,101.84,98.87,101.67,27855488,,2026-07-24 00:53:35,2026-07-24 00:53:35
NAS,AMD,20250304,96.00,103.18,95.89,100.75,54156941,,2026-07-24 00:53:35,2026-07-24 00:53:35
NAS,AMD,20250303,101.52,102.34,97.09,98.23,38957988,,2026-07-24 00:53:35,2026-07-24 00:53:35
NAS,AMD,20250228,99.56,101.80,98.69,99.86,45194576,,2026-07-24 00:53:35,2026-07-24 00:53:35
NAS,AMD,20250227,105.08,105.76,99.50,99.51,47263727,,2026-07-24 00:53:35,2026-07-24 00:53:35
NAS,AMD,20250226,104.95,105.80,103.99,104.74,29178213,,2026-07-24 00:53:35,2026-07-24 00:53:35
NAS,AMD,20250225,107.89,108.64,103.62,103.96,39169161,,2026-07-24 00:53:35,2026-07-24 00:53:35
NAS,AMD,20250224,111.49,111.60,107.98,108.11,29072208,,2026-07-24 00:53:35,2026-07-24 00:53:35
NAS,AMD,20250221,114.85,115.76,110.43,110.84,41353683,,2026-07-24 00:53:35,2026-07-24 00:53:35
NAS,AMD,20250220,115.01,116.55,113.11,114.17,27219565,,2026-07-24 00:53:35,2026-07-24 00:53:35
NAS,AMD,20250219,114.25,116.11,113.14,114.69,28807709,,2026-07-24 00:53:35,2026-07-24 00:53:35
NAS,AMD,20250218,114.05,115.55,113.45,114.28,31720307,,2026-07-24 00:53:35,2026-07-24 00:53:35
NAS,AMD,20250214,112.65,114.63,111.70,113.10,32477159,,2026-07-24 00:53:35,2026-07-24 00:53:35
NAS,AMD,20250213,112.00,114.60,110.40,111.81,40911804,,2026-07-24 00:53:35,2026-07-24 00:53:35
NAS,AMD,20250212,109.52,111.84,109.06,111.72,25319729,,2026-07-24 00:53:35,2026-07-24 00:53:35
NAS,AMD,20250211,108.98,113.07,108.94,111.10,35033759,,2026-07-24 00:53:35,2026-07-24 00:53:35
NAS,AMD,20250210,108.44,111.40,108.15,110.48,34905359,,2026-07-24 00:53:35,2026-07-24 00:53:35
NAS,AMD,20250207,109.13,109.92,106.79,107.56,46082499,,2026-07-24 00:53:35,2026-07-24 00:53:35
NAS,AMD,20250206,110.93,112.56,109.02,110.16,50426590,,2026-07-24 00:53:35,2026-07-24 00:53:35
NAS,AMD,20250205,107.61,112.09,106.50,112.01,110609343,,2026-07-24 00:53:35,2026-07-24 00:53:35
NAS,AMD,20250204,115.45,119.85,114.79,119.50,69412094,,2026-07-24 00:53:35,2026-07-24 00:53:35
NAS,AMD,20250203,113.88,115.16,112.98,114.27,34586051,,2026-07-24 00:53:35,2026-07-24 00:53:35
NAS,AMD,20250131,119.14,119.57,115.33,115.95,40533565,,2026-07-24 00:53:35,2026-07-24 00:53:35
NAS,AMD,20250130,118.53,120.44,117.09,118.86,29788383,,2026-07-24 00:53:35,2026-07-24 00:53:35
NAS,AMD,20250129,115.77,118.52,114.96,117.35,40199052,,2026-07-24 00:53:35,2026-07-24 00:53:35
NAS,AMD,20250128,115.18,116.15,112.95,114.17,40554760,,2026-07-24 00:53:35,2026-07-24 00:53:35
NAS,AMD,20250127,117.80,118.08,112.80,115.01,61067888,,2026-07-24 00:53:35,
NAS,AMD,20250124,124.55,125.25,122.23,122.84,31570300,,2026-07-24 00:53:35,
NAS,AMD,20250123,121.43,123.71,120.63,123.04,24921108,,2026-07-24 00:53:35,
NAS,AMD,20250122,123.08,125.65,121.91,123.75,35023842,,2026-07-24 00:53:35,
NAS,AMD,20250121,122.39,123.75,121.12,122.28,31578832,,2026-07-24 00:53:35,
NAS,AMD,20250117,120.78,122.74,120.55,121.46,35765924,,2026-07-24 00:53:35,
NAS,AMD,20250116,120.24,121.09,118.25,118.44,29414126,,2026-07-24 00:53:35,
NAS,AMD,20250115,117.55,120.42,117.46,119.96,38185819,,2026-07-24 00:53:35,
NAS,AMD,20250114,118.00,118.66,114.50,116.09,37005279,,2026-07-24 00:53:35,
NAS,AMD,20250113,115.28,117.48,114.41,117.32,39128897,,2026-07-24 00:53:35,
NAS,AMD,20250110,118.18,118.71,114.45,116.04,59415614,,2026-07-24 00:53:35,
NAS,AMD,20250108,124.51,125.30,120.12,121.84,46723136,,2026-07-24 00:53:35,
NAS,AMD,20250107,130.51,131.71,126.85,127.33,39220408,,2026-07-24 00:53:35,
NAS,AMD,20250106,129.07,130.73,127.36,129.55,48020190,,2026-07-24 00:53:35,
NAS,AMD,20250103,121.65,125.56,121.42,125.37,36785299,,2026-07-24 00:53:35,
NAS,AMD,20250102,122.29,123.14,119.44,120.63,34256182,,2026-07-24 00:53:35,
NAS,AMD,20241231,123.10,123.55,120.14,120.79,30203428,,2026-07-24 00:53:35,
NAS,AMD,20241230,123.56,124.10,122.35,122.44,30501637,,2026-07-24 00:53:35,
NAS,AMD,20241227,124.37,126.18,122.26,125.19,32924011,,2026-07-24 00:53:35,
NAS,AMD,20241226,125.52,127.30,125.05,125.06,25139138,,2026-07-24 00:53:35,
NAS,AMD,20241224,127.51,127.51,124.66,126.29,24829564,,2026-07-24 00:53:35,
NAS,AMD,20241223,120.71,126.34,120.47,124.60,47777898,,2026-07-24 00:53:35,
NAS,AMD,20241220,118.00,121.86,117.90,119.21,53591212,,2026-07-24 00:53:35,
NAS,AMD,20241219,122.16,123.38,118.45,118.88,46160667,,2026-07-24 00:53:35,
NAS,AMD,20241218,125.43,127.75,120.43,121.41,49724442,,2026-07-24 00:53:35,
NAS,AMD,20241217,124.45,127.08,123.15,125.02,43314939,,2026-07-24 00:53:35,
NAS,AMD,20241216,126.01,127.76,123.12,126.69,42090277,,2026-07-24 00:53:35,
NAS,AMD,20241213,131.30,131.30,124.77,126.91,67544738,,2026-07-24 00:53:35,
NAS,AMD,20241212,130.00,132.32,129.07,130.60,34267091,,2026-07-24 00:53:35,
NAS,AMD,20241211,128.52,131.21,126.22,130.15,45588138,,2026-07-24 00:53:35,
NAS,AMD,20241210,131.56,131.56,127.07,127.74,38907198,,2026-07-24 00:53:35,
NAS,AMD,20241209,135.71,135.77,130.00,130.87,57055558,,2026-07-24 00:53:35,
NAS,AMD,20241206,141.48,142.79,137.40,138.59,33576839,,2026-07-24 00:53:35,
NAS,AMD,20241205,143.68,143.95,140.38,141.36,29576925,,2026-07-24 00:53:35,
NAS,AMD,20241204,142.96,144.12,141.18,143.99,25942650,,2026-07-24 00:53:35,
NAS,AMD,20241203,142.58,143.45,141.08,141.98,22665348,,2026-07-24 00:53:35,2026-07-24 00:53:35
NAS,AMD,20241202,137.92,142.82,137.80,142.06,33102438,,2026-07-24 00:53:35,2026-07-24 00:53:35
NAS,AMD,20241129,136.24,138.59,135.78,137.18,16085714,,2026-07-24 00:53:35,2026-07-24 00:53:35
NAS,AMD,20241127,137.20,137.94,132.96,136.24,30175287,,2026-07-24 00:53:35,2026-07-24 00:53:35
NAS,AMD,20241126,142.55,142.80,136.62,137.72,32092378,,2026-07-24 00:53:35,2026-07-24 00:53:35
NAS,AMD,20241125,140.49,142.35,139.05,141.13,30923110,,2026-07-24 00:53:35,2026-07-24 00:53:35
NAS,AMD,20241122,137.35,139.13,137.04,138.35,21784728,,2026-07-24 00:53:35,2026-07-24 00:53:35
NAS,AMD,20241121,138.87,140.28,134.93,137.49,29311442,,2026-07-24 00:53:35,2026-07-24 00:53:35
NAS,AMD,20241120,138.96,140.77,135.48,137.60,28843065,,2026-07-24 00:53:35,2026-07-24 00:53:35
NAS,AMD,20241119,137.41,139.75,137.14,139.39,23131352,,2026-07-24 00:53:35,2026-07-24 00:53:35
NAS,AMD,20241118,138.19,140.90,137.21,138.93,38782434,,2026-07-24 00:53:35,2026-07-24 00:53:35
NAS,AMD,20241115,136.58,137.35,133.65,134.90,44217530,,2026-07-24 00:53:35,2026-07-24 00:53:35
NAS,AMD,20241114,140.34,141.40,138.56,138.84,31681410,,2026-07-24 00:53:35,2026-07-24 00:53:35
NAS,AMD,20241113,142.86,144.49,139.07,139.30,35146648,,2026-07-24 00:53:35,2026-07-24 00:53:35
NAS,AMD,20241112,147.00,147.45,141.55,143.63,33560287,,2026-07-24 00:53:35,2026-07-24 00:53:35
NAS,AMD,20241111,147.38,148.57,144.91,147.35,29868125,,2026-07-24 00:53:35,2026-07-24 00:53:35
NAS,AMD,20241108,149.39,150.71,147.53,147.95,27560342,,2026-07-24 00:53:35,2026-07-24 00:53:35
NAS,AMD,20241107,146.68,150.12,145.66,149.82,30326430,,2026-07-24 00:53:35,2026-07-24 00:53:35
NAS,AMD,20241106,144.95,145.63,141.52,145.10,32911499,,2026-07-24 00:53:35,2026-07-24 00:53:35
NAS,AMD,20241105,141.94,143.08,140.80,141.66,27067330,,2026-07-24 00:53:35,2026-07-24 00:53:35
NAS,AMD,20241104,141.70,143.64,139.72,140.71,29117421,,2026-07-24 00:53:35,2026-07-24 00:53:35
NAS,AMD,20241101,144.44,144.54,141.32,141.86,39027430,,2026-07-24 00:53:35,2026-07-24 00:53:35
NAS,AMD,20241031,147.80,148.68,143.33,144.07,44386597,,2026-07-24 00:53:35,2026-07-24 00:53:35
NAS,AMD,20241030,153.01,153.12,148.10,148.60,87701674,,2026-07-24 00:53:35,2026-07-24 00:53:35
NAS,AMD,20241029,161.10,167.51,158.94,166.25,71896038,,2026-07-24 00:53:35,2026-07-24 00:53:35
NAS,AMD,20241028,158.50,160.28,157.05,159.92,36010134,,2026-07-24 00:53:35,2026-07-24 00:53:35
NAS,AMD,20241025,155.40,158.91,155.05,156.23,29758489,,2026-07-24 00:53:35,2026-07-24 00:53:35
NAS,AMD,20241024,154.74,155.19,152.35,153.44,22877016,,2026-07-24 00:53:35,2026-07-24 00:53:35
NAS,AMD,20241023,153.00,153.45,150.52,152.91,26095933,,2026-07-24 00:53:35,2026-07-24 00:53:35
NAS,AMD,20241022,156.60,156.74,151.91,154.09,34997352,,2026-07-24 00:53:35,2026-07-24 00:53:35
NAS,AMD,20241021,155.76,158.00,154.15,157.90,25781212,,2026-07-24 00:53:35,2026-07-24 00:53:35
NAS,AMD,20241018,157.41,158.01,155.56,155.97,23822985,,2026-07-24 00:53:35,2026-07-24 00:53:35
NAS,AMD,20241017,160.00,160.44,156.20,156.25,29491853,,2026-07-24 00:53:35,2026-07-24 00:53:35
NAS,AMD,20241016,158.08,158.28,154.92,156.13,30575773,,2026-07-24 00:53:35,
NAS,AMD,20241015,163.21,164.13,155.74,156.64,50768024,,2026-07-24 00:53:35,
NAS,AMD,20241014,167.77,168.90,165.15,165.27,31757205,,2026-07-24 00:53:35,
NAS,AMD,20241011,164.19,169.35,163.01,167.89,42136175,,2026-07-24 00:53:35,
NAS,AMD,20241010,169.76,172.01,162.00,164.18,75113590,,2026-07-24 00:53:35,
NAS,AMD,20241009,174.05,174.05,169.55,171.02,33890735,,2026-07-24 00:53:35,
NAS,AMD,20241008,171.75,173.60,170.00,172.80,34730152,,2026-07-24 00:53:35,
NAS,AMD,20241007,171.08,172.41,168.21,170.97,38379930,,2026-07-24 00:53:35,
NAS,AMD,20241004,166.53,171.21,164.42,170.90,44640296,,2026-07-24 00:53:35,
NAS,AMD,20241003,159.71,166.79,159.40,162.85,29598787,,2026-07-24 00:53:35,
NAS,AMD,20241002,159.31,163.10,158.67,159.78,24630431,,2026-07-24 00:53:35,
NAS,AMD,20241001,164.48,165.40,158.08,159.75,31831860,,2026-07-24 00:53:35,
NAS,AMD,20240930,163.10,165.08,162.18,164.08,21920300,,2026-07-24 00:53:35,
NAS,AMD,20240927,167.48,168.73,163.74,164.35,27876037,,2026-07-24 00:53:35,
NAS,AMD,20240926,167.06,168.68,164.05,167.49,38044919,,2026-07-24 00:53:35,
NAS,AMD,20240925,158.50,162.95,158.18,162.02,35233264,,2026-07-24 00:53:35,
NAS,AMD,20240924,157.46,159.64,154.58,158.32,27531200,,2026-07-24 00:53:35,
NAS,AMD,20240923,156.45,157.19,154.97,156.75,21728542,,2026-07-24 00:53:35,
NAS,AMD,20240920,156.00,157.45,152.47,155.95,40248201,,2026-07-24 00:53:35,
NAS,AMD,20240919,153.81,159.25,152.77,156.74,44499983,,2026-07-24 00:53:35,
NAS,AMD,20240918,150.90,152.82,148.01,148.29,26320083,,2026-07-24 00:53:35,
NAS,AMD,20240917,153.55,154.05,149.23,150.82,29888994,,2026-07-24 00:53:35,
NAS,AMD,20240916,151.70,154.44,150.91,152.08,27677761,,2026-07-24 00:53:35,
NAS,AMD,20240913,152.32,153.03,150.70,152.31,25117241,,2026-07-24 00:53:35,
NAS,AMD,20240912,148.43,151.54,147.65,150.77,29286166,,2026-07-24 00:53:35,
NAS,AMD,20240911,145.33,150.16,140.71,149.86,50935390,,2026-07-24 00:53:35,
NAS,AMD,20240910,139.06,143.08,137.25,142.84,37217528,,2026-07-24 00:53:35,
NAS,AMD,20240909,136.10,138.45,134.86,138.15,27194508,,2026-07-24 00:53:35,
NAS,AMD,20240906,138.70,139.13,132.11,134.35,39993507,,2026-07-24 00:53:35,
NAS,AMD,20240905,138.20,141.71,137.83,139.44,25023021,,2026-07-24 00:53:35,
NAS,AMD,20240904,140.51,143.37,138.51,140.87,42130648,,2026-07-24 00:53:35,
NAS,AMD,20240903,146.41,146.49,136.10,136.94,42172672,,2026-07-24 00:53:35,
NAS,AMD,20240830,147.52,148.99,145.25,148.56,31169069,,2026-07-24 00:53:35,
NAS,AMD,20240829,146.59,149.49,144.47,145.49,31602113,,2026-07-24 00:53:35,
NAS,AMD,20240828,149.40,150.43,144.72,146.36,34075823,,2026-07-24 00:53:35,
NAS,AMD,20240827,150.13,151.70,148.44,150.50,35102650,,2026-07-24 00:53:35,
NAS,AMD,20240826,154.70,158.28,148.91,149.99,49893259,,2026-07-24 00:53:35,
NAS,AMD,20240823,153.60,156.40,151.83,154.98,43694642,,2026-07-24 00:53:35,2026-07-24 00:53:35
NAS,AMD,20240822,158.87,159.84,151.01,151.70,45737257,,2026-07-24 00:53:35,2026-07-24 00:53:35
NAS,AMD,20240821,156.12,158.65,155.07,157.81,42791246,,2026-07-24 00:53:35,2026-07-24 00:53:35
NAS,AMD,20240820,156.49,162.04,154.51,156.40,76851158,,2026-07-24 00:53:35,2026-07-24 00:53:35
NAS,AMD,20240819,148.43,155.37,147.72,155.28,60766854,,2026-07-24 00:53:35,2026-07-24 00:53:35
NAS,AMD,20240816,145.70,149.37,145.20,148.56,31123927,,2026-07-24 00:53:35,2026-07-24 00:53:35
NAS,AMD,20240815,143.00,147.96,141.81,147.36,43582387,,2026-07-24 00:53:35,2026-07-24 00:53:35
NAS,AMD,20240814,143.00,143.25,137.64,140.75,35506434,,2026-07-24 00:53:35,2026-07-24 00:53:35
NAS,AMD,20240813,138.12,141.19,137.52,141.13,42218019,,2026-07-24 00:53:35,2026-07-24 00:53:35
NAS,AMD,20240812,134.44,137.99,133.23,136.77,39724343,,2026-07-24 00:53:35,2026-07-24 00:53:35
NAS,AMD,20240809,134.69,135.50,132.44,134.27,40582992,,2026-07-24 00:53:35,2026-07-24 00:53:35
NAS,AMD,20240808,131.97,136.48,128.94,136.32,49037454,,2026-07-24 00:53:35,2026-07-24 00:53:35
NAS,AMD,20240807,133.75,136.24,128.37,128.67,54676492,,2026-07-24 00:53:35,2026-07-24 00:53:35
NAS,AMD,20240806,135.15,136.44,129.10,130.18,64455613,,2026-07-24 00:53:35,2026-07-24 00:53:35
NAS,AMD,20240805,122.16,139.14,121.83,134.82,76089361,,2026-07-24 00:53:35,2026-07-24 00:53:35
NAS,AMD,20240802,133.50,137.10,131.33,132.50,78561997,,2026-07-24 00:53:35,2026-07-24 00:53:35
NAS,AMD,20240801,145.00,147.29,130.24,132.54,94731931,,2026-07-24 00:53:35,2026-07-24 00:53:35
NAS,AMD,20240731,150.73,153.60,140.03,144.48,114306763,,2026-07-24 00:53:35,2026-07-24 00:53:35
NAS,AMD,20240730,139.88,141.70,134.05,138.44,68801709,,2026-07-24 00:53:35,2026-07-24 00:53:35
NAS,AMD,20240729,141.19,144.59,138.75,139.75,47447194,,2026-07-24 00:53:35,2026-07-24 00:53:35
NAS,AMD,20240726,140.32,141.29,138.27,139.99,49435825,,2026-07-24 00:53:35,2026-07-24 00:53:35
NAS,AMD,20240725,144.07,144.75,136.81,138.32,60578529,,2026-07-24 00:53:35,2026-07-24 00:53:35
NAS,AMD,20240724,152.72,153.68,144.53,144.63,49203120,,2026-07-24 00:53:35,2026-07-24 00:53:35
NAS,AMD,20240723,154.95,157.05,153.80,154.00,31950579,,2026-07-24 00:53:35,2026-07-24 00:53:35
NAS,AMD,20240722,154.23,156.70,152.55,155.87,43912459,,2026-07-24 00:53:35,2026-07-24 00:53:35
NAS,AMD,20240719,154.86,155.81,150.62,151.58,47513063,,2026-07-24 00:53:35,2026-07-24 00:53:35
NAS,AMD,20240718,163.41,163.41,153.20,155.77,69420335,,2026-07-24 00:53:35,2026-07-24 00:53:35
NAS,AMD,20240717,169.80,169.80,159.37,159.43,76954198,,2026-07-24 00:53:35,2026-07-24 00:53:35
NAS,AMD,20240716,179.69,179.75,174.53,177.55,40633058,,2026-07-24 00:53:35,2026-07-24 00:53:35
NAS,AMD,20240715,184.45,185.50,178.54,179.83,42202726,,2026-07-24 00:53:35,2026-07-24 00:53:35
NAS,AMD,20240712,182.02,186.99,179.69,181.61,50827368,,2026-07-24 00:53:35,
NAS,AMD,20240711,184.07,187.11,177.25,181.94,59231412,,2026-07-24 00:53:35,
NAS,AMD,20240710,179.99,187.28,177.80,183.96,90246965,,2026-07-24 00:53:35,
NAS,AMD,20240709,177.97,180.41,174.70,177.10,43471169,,2026-07-24 00:53:35,
NAS,AMD,20240708,174.90,178.95,173.22,178.69,60223422,,2026-07-24 00:53:35,
NAS,AMD,20240705,165.97,174.04,165.68,171.90,61857052,,2026-07-24 00:53:35,
NAS,AMD,20240703,164.20,165.26,162.51,163.90,26980906,,2026-07-24 00:53:35,
NAS,AMD,20240702,157.04,164.58,156.70,164.31,57838610,,2026-07-24 00:53:35,
NAS,AMD,20240701,161.25,161.51,153.64,157.69,50436691,,2026-07-24 00:53:35,
NAS,AMD,20240628,160.23,166.45,159.41,162.21,56204617,,2026-07-24 00:53:35,
NAS,AMD,20240627,157.18,160.61,156.81,159.47,34018216,,2026-07-24 00:53:35,
NAS,AMD,20240626,160.60,160.74,156.00,157.54,36973440,,2026-07-24 00:53:35,
NAS,AMD,20240625,160.73,161.00,156.45,160.25,40975277,,2026-07-24 00:53:35,
NAS,AMD,20240624,159.75,163.40,158.19,160.25,45954054,,2026-07-24 00:53:35,
NAS,AMD,20240621,161.75,163.20,157.89,161.23,61334699,,2026-07-24 00:53:35,
NAS,AMD,20240620,155.83,166.82,155.50,161.78,93245732,,2026-07-24 00:53:35,
NAS,AMD,20240618,156.99,157.24,153.34,154.63,51852033,,2026-07-24 00:53:35,
NAS,AMD,20240617,158.00,159.23,154.14,158.40,44507742,,2026-07-24 00:53:35,
NAS,AMD,20240614,158.50,161.34,157.61,159.63,34054023,,2026-07-24 00:53:35,
NAS,AMD,20240613,160.40,162.66,157.31,159.90,44442511,,2026-07-24 00:53:35,
NAS,AMD,20240612,160.32,162.24,158.62,160.24,48325813,,2026-07-24 00:53:35,
NAS,AMD,20240611,160.50,161.54,156.92,158.96,40497092,,2026-07-24 00:53:35,
NAS,AMD,20240610,162.48,165.55,159.61,160.34,67575627,,2026-07-24 00:53:35,
NAS,AMD,20240607,166.59,169.45,165.86,167.87,44795998,,2026-07-24 00:53:35,
NAS,AMD,20240606,165.46,169.51,163.86,166.78,47153676,,2026-07-24 00:53:35,
NAS,AMD,20240605,162.07,167.12,161.38,166.17,60507494,,2026-07-24 00:53:35,
NAS,AMD,20240604,162.84,164.83,158.87,159.99,48157209,,2026-07-24 00:53:35,
NAS,AMD,20240603,170.82,171.08,160.91,163.55,59157590,,2026-07-24 00:53:35,
NAS,AMD,20240531,166.65,169.50,160.07,166.90,64331946,,2026-07-24 00:53:35,
NAS,AMD,20240530,167.90,168.75,163.80,166.75,46479934,,2026-07-24 00:53:35,
NAS,AMD,20240529,167.46,168.48,162.91,165.14,56537503,,2026-07-24 00:53:35,
NAS,AMD,20240528,169.42,174.55,164.96,171.61,66495414,,2026-07-24 00:53:35,
NAS,AMD,20240524,161.41,167.66,160.25,166.36,54868646,,2026-07-24 00:53:35,
NAS,AMD,20240523,170.18,173.14,158.27,160.43,91888841,,2026-07-24 00:53:35,
NAS,AMD,20240522,167.41,169.81,163.86,165.52,47426719,,2026-07-24 00:53:35,
NAS,AMD,20240521,164.00,165.83,163.10,164.66,30005478,,2026-07-24 00:53:35,
NAS,AMD,20240520,165.55,168.49,164.47,166.33,45618044,,2026-07-24 00:53:35,
NAS,AMD,20240517,168.43,169.72,162.32,164.47,65944362,,2026-07-24 00:53:35,2026-07-24 00:53:35
NAS,AMD,20240516,160.92,168.06,159.90,162.62,76726728,,2026-07-24 00:53:35,2026-07-24 00:53:35
NAS,AMD,20240515,155.59,159.69,154.70,159.67,43195901,,2026-07-24 00:53:35,2026-07-24 00:53:35
NAS,AMD,20240514,150.43,153.49,148.78,153.16,31938277,,2026-07-24 00:53:35,2026-07-24 00:53:35
NAS,AMD,20240513,151.28,153.33,150.40,150.56,27859183,,2026-07-24 00:53:35,2026-07-24 00:53:35
NAS,AMD,20240510,154.29,156.37,151.31,151.92,37652770,,2026-07-24 00:53:35,2026-07-24 00:53:35
NAS,AMD,20240509,153.13,154.09,150.61,152.39,33017962,,2026-07-24 00:53:35,2026-07-24 00:53:35
NAS,AMD,20240508,153.40,155.33,152.52,153.62,28727963,,2026-07-24 00:53:35,2026-07-24 00:53:35
NAS,AMD,20240507,156.32,157.70,153.66,154.43,37374906,,2026-07-24 00:53:35,2026-07-24 00:53:35
NAS,AMD,20240506,153.10,156.65,151.26,155.78,44624546,,2026-07-24 00:53:35,2026-07-24 00:53:35
NAS,AMD,20240503,148.75,150.79,147.24,150.60,49361081,,2026-07-24 00:53:35,2026-07-24 00:53:35
NAS,AMD,20240502,145.51,147.62,141.16,146.16,50034730,,2026-07-24 00:53:35,2026-07-24 00:53:35
NAS,AMD,20240501,148.11,151.37,142.14,144.27,89413168,,2026-07-24 00:53:35,2026-07-24 00:53:35
NAS,AMD,20240430,160.63,162.29,158.35,158.38,60742834,,2026-07-24 00:53:35,2026-07-24 00:53:35
NAS,AMD,20240429,159.08,160.77,156.26,160.20,43478221,,2026-07-24 00:53:35,2026-07-24 00:53:35
NAS,AMD,20240426,154.24,158.63,153.43,157.40,42510708,,2026-07-24 00:53:35,2026-07-24 00:53:35
NAS,AMD,20240425,149.15,155.14,146.75,153.76,41471423,,2026-07-24 00:53:35,2026-07-24 00:53:35
NAS,AMD,20240424,156.56,157.66,150.63,151.74,43412550,,2026-07-24 00:53:35,2026-07-24 00:53:35
NAS,AMD,20240423,151.65,153.50,150.35,152.27,46051911,,2026-07-24 00:53:35,2026-07-24 00:53:35
NAS,AMD,20240422,148.15,149.89,145.63,148.64,49397034,,2026-07-24 00:53:35,2026-07-24 00:53:35
NAS,AMD,20240419,151.59,154.25,145.29,146.64,71618197,,2026-07-24 00:53:35,2026-07-24 00:53:35
NAS,AMD,20240418,155.51,156.96,152.32,155.08,52669816,,2026-07-24 00:53:35,2026-07-24 00:53:35
NAS,AMD,20240417,163.97,164.45,153.88,154.02,75908969,,2026-07-24 00:53:35,2026-07-24 00:53:35
NAS,AMD,20240416,162.28,164.88,161.67,163.46,55302100,,2026-07-24 00:53:35,2026-07-24 00:53:35
NAS,AMD,20240415,164.43,164.44,158.76,160.32,61461150,,2026-07-24 00:53:35,2026-07-24 00:53:35
NAS,AMD,20240412,164.53,165.70,161.83,163.28,63519643,,2026-07-24 00:53:35,2026-07-24 00:53:35
NAS,AMD,20240411,167.55,170.95,166.55,170.50,48994531,,2026-07-24 00:53:35,2026-07-24 00:53:35
NAS,AMD,20240410,166.71,169.78,164.00,167.14,59599958,,2026-07-24 00:53:35,2026-07-24 00:53:35
NAS,AMD,20240409,170.21,171.60,167.29,170.78,42927985,,2026-07-24 00:53:35,2026-07-24 00:53:35
NAS,AMD,20240408,168.20,171.66,166.82,169.90,43997546,,2026-07-24 00:53:35,2026-07-24 00:53:35
NAS,AMD,20240405,168.10,172.69,165.58,170.42,66080261,,2026-07-24 00:53:35,2026-07-24 00:53:35
NAS,AMD,20240404,182.92,183.02,165.65,165.83,88279957,,2026-07-24 00:53:35,2026-07-24 00:53:35
NAS,AMD,20240403,177.54,182.05,176.70,180.77,49835064,,2026-07-24 00:53:35,2026-07-24 00:53:35
NAS,AMD,20240402,179.47,180.10,174.83,178.70,61598817,,2026-07-24 00:53:35,
NAS,AMD,20240401,180.10,187.24,179.90,183.34,74299905,,2026-07-24 00:53:35,
NAS,AMD,20240328,179.47,183.40,178.30,180.49,57628614,,2026-07-24 00:53:35,
NAS,AMD,20240327,179.96,181.23,175.40,179.59,55685645,,2026-07-24 00:53:35,
NAS,AMD,20240326,179.54,182.60,176.33,177.87,65322445,,2026-07-24 00:53:35,
NAS,AMD,20240325,172.90,182.80,172.00,178.63,71935313,,2026-07-24 00:53:35,
NAS,AMD,20240322,177.21,180.76,175.05,179.65,57899071,,2026-07-24 00:53:35,
NAS,AMD,20240321,185.97,187.69,177.66,178.68,75265596,,2026-07-24 00:53:35,
NAS,AMD,20240320,182.03,182.68,174.00,179.73,81773114,,2026-07-24 00:53:35,
NAS,AMD,20240319,183.16,185.61,177.36,181.42,83509459,,2026-07-24 00:53:35,
NAS,AMD,20240318,193.29,193.50,188.05,190.65,59306865,,2026-07-24 00:53:35,
NAS,AMD,20240315,184.83,193.80,184.48,191.06,95289509,,2026-07-24 00:53:35,
NAS,AMD,20240314,192.92,196.93,184.03,187.06,84490526,,2026-07-24 00:53:35,
NAS,AMD,20240313,198.73,198.83,192.70,194.79,70526879,,2026-07-24 00:53:35,
NAS,AMD,20240312,200.52,202.85,194.27,202.76,68951657,,2026-07-24 00:53:35,
NAS,AMD,20240311,203.01,203.55,196.70,198.39,73098616,,2026-07-24 00:53:35,
NAS,AMD,20240308,213.41,227.30,205.60,207.39,120815222,,2026-07-24 00:53:35,
NAS,AMD,20240307,212.52,213.83,208.22,211.38,63869038,,2026-07-24 00:53:35,
NAS,AMD,20240306,210.43,214.81,207.32,210.63,86686987,,2026-07-24 00:53:35,
NAS,AMD,20240305,200.50,205.33,199.15,205.13,65407112,,2026-07-24 00:53:35,
NAS,AMD,20240304,205.16,211.01,203.50,205.36,86835338,,2026-07-24 00:53:35,
NAS,AMD,20240301,197.91,202.72,195.42,202.64,103820773,,2026-07-24 00:53:35,
NAS,AMD,20240229,179.82,193.00,179.82,192.53,105538483,,2026-07-24 00:53:35,
NAS,AMD,20240228,176.25,176.84,173.59,176.54,35914414,,2026-07-24 00:53:35,
NAS,AMD,20240227,175.92,178.46,172.49,178.00,43665241,,2026-07-24 00:53:35,
NAS,AMD,20240226,178.78,179.84,174.81,176.01,45435093,,2026-07-24 00:53:35,
NAS,AMD,20240223,181.86,183.80,174.55,176.52,69207367,,2026-07-24 00:53:35,
NAS,AMD,20240222,173.20,183.83,172.00,181.86,100684733,,2026-07-24 00:53:35,
NAS,AMD,20240221,162.74,164.90,161.81,164.29,48774556,,2026-07-24 00:53:35,
NAS,AMD,20240220,171.14,171.81,162.00,165.69,66549992,,2026-07-24 00:53:35,
NAS,AMD,20240216,177.45,180.33,173.25,173.87,53940342,,2026-07-24 00:53:35,
NAS,AMD,20240215,179.14,180.50,175.26,176.76,51126437,,2026-07-24 00:53:35,
NAS,AMD,20240214,173.47,178.74,172.88,178.70,57402522,,2026-07-24 00:53:35,
NAS,AMD,20240213,167.94,173.17,164.30,171.54,63071311,,2026-07-24 00:53:35,
NAS,AMD,20240212,172.68,177.41,170.67,171.91,58177053,,2026-07-24 00:53:35,
NAS,AMD,20240209,171.00,175.10,168.66,172.48,56375713,,2026-07-24 00:53:35,
NAS,AMD,20240208,170.33,172.17,168.60,169.35,43385275,,2026-07-24 00:53:35,
NAS,AMD,20240207,169.47,172.97,168.20,170.94,53665418,,2026-07-24 00:53:35,2026-07-24 00:53:35
NAS,AMD,20240206,173.15,173.88,165.50,167.88,68854127,,2026-07-24 00:53:35,2026-07-24 00:53:35
NAS,AMD,20240205,179.09,180.01,171.11,174.23,76349244,,2026-07-24 00:53:35,2026-07-24 00:53:35
NAS,AMD,20240202,173.79,179.00,173.05,177.66,82134266,,2026-07-24 00:53:35,2026-07-24 00:53:35
NAS,AMD,20240201,169.27,171.14,165.86,170.48,91576685,,2026-07-24 00:53:35,2026-07-24 00:53:35
NAS,AMD,20240131,165.74,171.30,162.56,167.69,133157264,,2026-07-24 00:53:35,2026-07-24 00:53:35
NAS,AMD,20240130,176.13,178.48,169.52,172.06,122265677,,2026-07-24 00:53:35,2026-07-24 00:53:35
NAS,AMD,20240129,178.77,178.89,174.40,177.83,89384452,,2026-07-24 00:53:35,2026-07-24 00:53:35
NAS,AMD,20240126,175.29,181.23,174.15,177.25,107381172,,2026-07-24 00:53:35,2026-07-24 00:53:35
NAS,AMD,20240125,183.41,184.92,177.63,180.33,127171448,,2026-07-24 00:53:35,2026-07-24 00:53:35
NAS,AMD,20240124,172.55,180.58,170.56,178.29,125516387,,2026-07-24 00:53:35,2026-07-24 00:53:35
NAS,AMD,20240123,166.50,169.63,164.27,168.42,76830455,,2026-07-24 00:53:35,2026-07-24 00:53:35
NAS,AMD,20240122,174.39,174.72,164.15,168.18,122973822,,2026-07-24 00:53:35,2026-07-24 00:53:35
NAS,AMD,20240119,165.80,174.25,162.20,174.23,140367915,,2026-07-24 00:53:35,2026-07-24 00:53:35
NAS,AMD,20240118,166.20,168.60,158.22,162.67,131864888,,2026-07-24 00:53:35,2026-07-24 00:53:35
NAS,AMD,20240117,158.45,160.64,154.40,160.17,104084985,,2026-07-24 00:53:35,2026-07-24 00:53:35
NAS,AMD,20240116,150.36,159.72,149.98,158.74,112711434,,2026-07-24 00:53:35,2026-07-24 00:53:35
NAS,AMD,20240112,148.04,148.75,145.00,146.56,48293089,,2026-07-24 00:53:35,2026-07-24 00:53:35
NAS,AMD,20240111,148.52,150.38,143.69,148.02,62764597,,2026-07-24 00:53:35,2026-07-24 00:53:35
NAS,AMD,20240110,150.07,150.88,146.65,148.54,56951243,,2026-07-24 00:53:35,2026-07-24 00:53:35
NAS,AMD,20240109,145.95,149.86,145.08,149.26,67875666,,2026-07-24 00:53:35,2026-07-24 00:53:35
NAS,AMD,20240108,140.36,147.15,140.15,146.18,71756913,,2026-07-24 00:53:35,2026-07-24 00:53:35
NAS,AMD,20240105,136.78,141.01,136.44,138.58,69657676,,2026-07-24 00:53:35,2026-07-24 00:53:35
NAS,AMD,20240104,134.30,137.70,134.00,136.01,58610286,,2026-07-24 00:53:35,2026-07-24 00:53:35
NAS,AMD,20240103,135.71,137.43,133.74,135.32,61988583,,2026-07-24 00:53:35,2026-07-24 00:53:35
NAS,AMD,20240102,144.28,144.40,137.43,138.58,64902029,,2026-07-24 00:53:35,2026-07-24 00:53:35
NAS,AMD,20231229,149.50,151.05,147.20,147.41,62079185,,2026-07-24 00:53:35,2026-07-24 00:53:35
NAS,AMD,20231228,146.80,150.41,145.95,148.76,63800680,,2026-07-24 00:53:35,2026-07-24 00:53:35
NAS,AMD,20231227,144.72,146.25,143.18,146.07,49033420,,2026-07-24 00:53:35,2026-07-24 00:53:35
NAS,AMD,20231226,140.07,143.85,139.92,143.41,47157430,,2026-07-24 00:53:35,2026-07-24 00:53:35
NAS,AMD,20231222,140.48,140.70,138.31,139.60,35396582,,2026-07-24 00:53:35,
NAS,AMD,20231221,138.14,139.98,137.38,139.91,47179362,,2026-07-24 00:53:35,
NAS,AMD,20231220,139.00,139.58,135.37,135.47,54671715,,2026-07-24 00:53:35,
NAS,AMD,20231219,138.57,143.47,138.56,140.15,63739781,,2026-07-24 00:53:35,
NAS,AMD,20231218,139.15,139.79,137.65,138.90,45199453,,2026-07-24 00:53:35,
NAS,AMD,20231215,139.52,140.89,137.25,139.15,70211795,,2026-07-24 00:53:35,
NAS,AMD,20231214,138.89,141.82,135.73,138.00,76115174,,2026-07-24 00:53:35,
NAS,AMD,20231213,137.97,139.24,136.03,138.19,70651603,,2026-07-24 00:53:35,
NAS,AMD,20231212,132.25,139.89,131.90,137.61,111677821,,2026-07-24 00:53:35,
NAS,AMD,20231211,130.56,135.04,128.25,134.41,98668281,,2026-07-24 00:53:35,
NAS,AMD,20231208,129.54,131.00,126.89,128.92,89341014,,2026-07-24 00:53:35,
NAS,AMD,20231207,120.79,128.68,119.56,128.37,118579097,,2026-07-24 00:53:35,
NAS,AMD,20231206,120.69,122.83,116.38,116.82,60599029,,2026-07-24 00:53:35,
NAS,AMD,20231205,117.43,118.49,116.45,118.38,39191565,,2026-07-24 00:53:35,
NAS,AMD,20231204,119.75,119.90,116.37,118.57,39854418,,2026-07-24 00:53:35,
NAS,AMD,20231201,119.88,121.40,118.65,121.39,37048002,,2026-07-24 00:53:35,
NAS,AMD,20231130,123.61,124.05,119.65,121.16,44494211,,2026-07-24 00:53:35,
NAS,AMD,20231129,123.98,125.73,123.48,123.85,37876317,,2026-07-24 00:53:35,
NAS,AMD,20231128,121.98,122.54,120.79,122.01,32047063,,2026-07-24 00:53:35,
NAS,AMD,20231127,122.07,123.89,121.77,122.65,32743006,,2026-07-24 00:53:35,
NAS,AMD,20231124,122.03,123.25,121.54,122.31,19001007,,2026-07-24 00:53:35,
NAS,AMD,20231122,120.00,124.76,119.95,122.51,56894486,,2026-07-24 00:53:35,
NAS,AMD,20231121,120.54,120.65,117.94,119.16,41064750,,2026-07-24 00:53:35,
NAS,AMD,20231120,120.70,121.93,120.07,121.53,43173925,,2026-07-24 00:53:35,
NAS,AMD,20231117,119.64,121.49,118.82,120.62,38538695,,2026-07-24 00:53:35,
NAS,AMD,20231116,117.20,120.73,116.41,119.83,49661870,,2026-07-24 00:53:35,
NAS,AMD,20231115,120.54,120.59,116.87,118.00,59555593,,2026-07-24 00:53:35,
NAS,AMD,20231114,119.70,122.11,119.22,119.88,61017449,,2026-07-24 00:53:35,
NAS,AMD,20231113,118.34,118.68,116.00,116.79,46741889,,2026-07-24 00:53:35,
NAS,AMD,20231110,114.35,119.70,114.03,118.59,75204072,,2026-07-24 00:53:35,
NAS,AMD,20231109,114.10,115.81,113.06,113.49,61146862,,2026-07-24 00:53:35,
NAS,AMD,20231108,113.55,115.32,112.88,113.59,41880606,,2026-07-24 00:53:35,
NAS,AMD,20231107,111.86,114.65,111.22,113.45,50550151,,2026-07-24 00:53:35,
NAS,AMD,20231106,112.60,113.08,110.22,111.75,49270370,,2026-07-24 00:53:35,
NAS,AMD,20231103,109.05,113.39,107.86,112.25,65632202,,2026-07-24 00:53:35,
NAS,AMD,20231102,107.96,109.41,105.91,107.83,71376954,,2026-07-24 00:53:35,
NAS,AMD,20231101,98.58,108.15,98.50,108.04,138641522,,2026-07-24 00:53:35,
NAS,AMD,20231031,96.24,98.82,94.07,98.50,79547126,,2026-07-24 00:53:35,
NAS,AMD,20231030,96.14,97.04,94.70,96.18,43716642,,2026-07-24 00:53:35,2026-07-24 00:53:35
NAS,AMD,20231027,95.80,97.35,94.59,96.43,52458653,,2026-07-24 00:53:35,2026-07-24 00:53:35
NAS,AMD,20231026,95.99,97.52,93.12,93.67,49896360,,2026-07-24 00:53:35,2026-07-24 00:53:35
NAS,AMD,20231025,100.42,101.03,95.23,96.06,53424477,,2026-07-24 00:53:35,2026-07-24 00:53:35
NAS,AMD,20231024,100.97,101.79,99.38,101.67,51982918,,2026-07-24 00:53:35,2026-07-24 00:53:35
NAS,AMD,20231023,100.81,102.42,99.32,100.01,50817440,,2026-07-24 00:53:35,2026-07-24 00:53:35
NAS,AMD,20231020,102.28,104.34,101.44,101.81,61317927,,2026-07-24 00:53:35,2026-07-24 00:53:35
NAS,AMD,20231019,103.81,105.60,101.84,102.40,52734201,,2026-07-24 00:53:35,2026-07-24 00:53:35
NAS,AMD,20231018,103.38,104.78,101.74,102.17,50449952,,2026-07-24 00:53:35,2026-07-24 00:53:35
NAS,AMD,20231017,103.54,106.29,101.66,105.14,49642114,,2026-07-24 00:53:35,2026-07-24 00:53:35
NAS,AMD,20231016,105.42,107.48,105.03,106.46,42464511,,2026-07-24 00:53:35,2026-07-24 00:53:35
NAS,AMD,20231013,108.65,108.97,104.75,105.09,52925932,,2026-07-24 00:53:35,2026-07-24 00:53:35
NAS,AMD,20231012,108.40,111.31,107.51,108.79,60959430,,2026-07-24 00:53:35,2026-07-24 00:53:35
NAS,AMD,20231011,109.14,110.10,106.93,108.31,51085635,,2026-07-24 00:53:35,2026-07-24 00:53:35
NAS,AMD,20231010,107.49,110.12,106.40,109.01,57105529,,2026-07-24 00:53:35,2026-07-24 00:53:35
NAS,AMD,20231009,106.01,107.31,104.79,106.97,39593192,,2026-07-24 00:53:35,2026-07-24 00:53:35
NAS,AMD,20231006,102.16,107.87,102.03,107.24,64864077,,2026-07-24 00:53:35,2026-07-24 00:53:35
NAS,AMD,20231005,103.41,103.74,100.27,102.91,51789731,,2026-07-24 00:53:35,2026-07-24 00:53:35
NAS,AMD,20231004,100.65,104.40,100.34,104.07,51023246,,2026-07-24 00:53:35,2026-07-24 00:53:35
NAS,AMD,20231003,101.80,103.29,99.17,100.08,48116980,,2026-07-24 00:53:35,2026-07-24 00:53:35
NAS,AMD,20231002,102.21,103.71,101.70,103.27,45118574,,2026-07-24 00:53:35,2026-07-24 00:53:35
NAS,AMD,20230929,104.69,104.94,102.56,102.82,56078641,,2026-07-24 00:53:35,2026-07-24 00:53:35
NAS,AMD,20230928,97.94,104.20,97.76,102.76,72542056,,2026-07-24 00:53:35,2026-07-24 00:53:35
NAS,AMD,20230927,96.82,99.23,96.35,98.07,51261502,,2026-07-24 00:53:35,2026-07-24 00:53:35
NAS,AMD,20230926,96.50,97.83,95.27,95.96,42866460,,2026-07-24 00:53:35,2026-07-24 00:53:35
NAS,AMD,20230925,95.95,97.45,94.46,97.38,43223749,,2026-07-24 00:53:35,2026-07-24 00:53:35
NAS,AMD,20230922,96.92,98.42,95.61,96.20,52169395,,2026-07-24 00:53:35,2026-07-24 00:53:35
NAS,AMD,20230921,98.60,98.87,95.84,96.11,59704335,,2026-07-24 00:53:35,2026-07-24 00:53:35
NAS,AMD,20230920,102.36,103.94,100.28,100.34,55180576,,2026-07-24 00:53:35,2026-07-24 00:53:35
NAS,AMD,20230919,101.75,102.86,100.70,101.61,41704110,,2026-07-24 00:53:35,2026-07-24 00:53:35
NAS,AMD,20230918,100.82,102.99,99.45,102.37,49061310,,2026-07-24 00:53:35,2026-07-24 00:53:35
NAS,AMD,20230915,106.07,106.76,101.28,101.49,71103616,,2026-07-24 00:53:35,2026-07-24 00:53:35
NAS,AMD,20230914,108.43,109.15,106.22,106.63,45920612,,2026-07-24 00:53:35,
NAS,AMD,20230913,105.10,108.74,104.83,107.71,44702254,,2026-07-24 00:53:35,
NAS,AMD,20230912,104.20,106.74,103.18,105.31,44413572,,2026-07-24 00:53:35,
NAS,AMD,20230911,107.32,107.51,103.00,105.32,50611285,,2026-07-24 00:53:35,
NAS,AMD,20230908,107.02,109.74,105.75,106.09,46271558,,2026-07-24 00:53:35,
NAS,AMD,20230907,106.14,107.69,105.09,106.59,49080149,,2026-07-24 00:53:35,
NAS,AMD,20230906,110.56,111.33,108.22,109.28,47736701,,2026-07-24 00:53:35,
NAS,AMD,20230905,109.00,111.82,106.30,110.78,66042191,,2026-07-24 00:53:35,
NAS,AMD,20230901,107.00,110.06,106.61,109.45,54856148,,2026-07-24 00:53:35,
NAS,AMD,20230831,106.19,108.06,104.86,105.72,58918970,,2026-07-24 00:53:35,
NAS,AMD,20230830,105.40,107.67,104.50,106.59,54847348,,2026-07-24 00:53:35,
NAS,AMD,20230829,102.11,106.57,101.79,105.92,50850289,,2026-07-24 00:53:35,
NAS,AMD,20230828,103.47,104.07,100.89,102.61,55386803,,2026-07-24 00:53:35,
NAS,AMD,20230825,101.17,104.12,99.58,102.25,74793086,,2026-07-24 00:53:35,
NAS,AMD,20230824,111.06,111.64,100.87,101.80,109179129,,2026-07-24 00:53:35,
NAS,AMD,20230823,105.65,110.08,105.00,109.43,54656329,,2026-07-24 00:53:35,
NAS,AMD,20230822,109.40,109.72,104.85,105.66,47335086,,2026-07-24 00:53:35,
NAS,AMD,20230821,106.20,108.54,105.67,108.22,49319240,,2026-07-24 00:53:35,
NAS,AMD,20230818,102.40,106.07,101.68,105.45,59916675,,2026-07-24 00:53:35,
NAS,AMD,20230817,107.62,107.85,104.10,104.44,59064275,,2026-07-24 00:53:35,
NAS,AMD,20230816,110.09,110.44,106.98,107.19,54327298,,2026-07-24 00:53:35,
NAS,AMD,20230815,111.99,113.18,110.17,111.35,53816569,,2026-07-24 00:53:35,
NAS,AMD,20230814,106.75,111.99,105.42,111.98,57421820,,2026-07-24 00:53:35,
NAS,AMD,20230811,108.85,109.07,106.48,107.57,55667745,,2026-07-24 00:53:35,
NAS,AMD,20230810,111.30,113.89,109.47,110.23,57297792,,2026-07-24 00:53:35,
NAS,AMD,20230809,112.89,113.15,108.78,110.47,56257067,,2026-07-24 00:53:35,
NAS,AMD,20230808,114.94,115.46,111.41,113.23,54141829,,2026-07-24 00:53:35,
NAS,AMD,20230807,116.36,119.08,115.49,116.81,65854765,,2026-07-24 00:53:35,
NAS,AMD,20230804,114.48,118.85,113.96,115.82,83169686,,2026-07-24 00:53:35,
NAS,AMD,20230803,108.95,114.96,108.95,113.15,90811558,,2026-07-24 00:53:35,
NAS,AMD,20230802,119.49,119.50,107.38,109.35,173372010,,2026-07-24 00:53:35,
NAS,AMD,20230801,114.26,118.19,113.16,117.60,97284727,,2026-07-24 00:53:35,
NAS,AMD,20230731,114.16,114.68,112.35,114.40,54187286,,2026-07-24 00:53:35,
NAS,AMD,20230728,113.38,114.86,112.44,112.96,55525965,,2026-07-24 00:53:35,
NAS,AMD,20230727,111.79,115.08,110.51,111.10,70677972,,2026-07-24 00:53:35,
NAS,AMD,20230726,111.91,112.36,109.30,110.09,51721689,,2026-07-24 00:53:35,
NAS,AMD,20230725,111.14,114.05,111.00,113.00,44916262,,2026-07-24 00:53:35,
NAS,AMD,20230724,110.62,111.31,108.55,110.61,45637998,,2026-07-24 00:53:35,
NAS,AMD,20230721,110.97,112.30,109.54,110.95,76815378,,2026-07-24 00:53:35,
NAS,AMD,20230720,114.96,115.05,109.24,110.25,76340398,,2026-07-24 00:53:35,
NAS,AMD,20230719,121.30,121.67,115.55,116.43,70363051,,2026-07-24 00:53:35,
NAS,AMD,20230718,117.55,118.43,115.19,117.93,57980077,,2026-07-24 00:53:35,
NAS,AMD,20230717,115.95,118.84,112.73,118.32,68593288,,2026-07-24 00:53:35,
NAS,AMD,20230714,116.17,122.12,115.25,115.94,91927197,,2026-07-24 00:53:35,
NAS,AMD,20230713,115.76,116.16,113.58,115.92,49206695,,2026-07-24 00:53:35,
NAS,AMD,20230712,112.89,115.40,112.31,114.58,57993090,,2026-07-24 00:53:35,
NAS,AMD,20230711,111.66,113.27,109.50,111.32,59899536,,2026-07-24 00:53:35,
NAS,AMD,20230710,113.00,113.61,109.88,113.58,49330204,,2026-07-24 00:53:35,
NAS,AMD,20230707,114.16,115.33,113.04,113.17,37211287,,2026-07-24 00:53:35,
NAS,AMD,20230706,112.07,113.79,110.31,113.48,42411840,,2026-07-24 00:53:35,
NAS,AMD,20230705,116.10,117.66,113.86,113.95,49501584,,2026-07-24 00:53:35,
NAS,AMD,20230703,115.16,116.73,114.51,115.82,31859976,,2026-07-24 00:53:35,
NAS,AMD,20230630,113.03,114.69,112.41,113.91,53378774,,2026-07-24 00:53:35,
NAS,AMD,20230629,112.07,112.76,109.84,111.24,58347174,,2026-07-24 00:53:35,
NAS,AMD,20230628,108.21,111.78,107.63,110.17,67534134,,2026-07-24 00:53:35,
NAS,AMD,20230627,108.57,110.97,107.08,110.39,59381646,,2026-07-24 00:53:35,
NAS,AMD,20230626,110.95,112.55,107.20,107.51,68556976,,2026-07-24 00:53:35,
NAS,AMD,20230623,109.31,111.10,107.46,110.01,73621951,,2026-07-24 00:53:35,
NAS,AMD,20230622,112.24,114.00,109.85,110.70,70754783,,2026-07-24 00:53:35,
NAS,AMD,20230621,118.49,119.19,111.67,112.11,82835622,,2026-07-24 00:53:35,
NAS,AMD,20230620,119.09,121.75,117.70,118.93,58851777,,2026-07-24 00:53:35,
NAS,AMD,20230616,125.82,125.85,119.90,120.08,82007083,,2026-07-24 00:53:35,
NAS,AMD,20230615,125.39,125.70,122.26,124.24,85587115,,2026-07-24 00:53:35,
NAS,AMD,20230614,126.53,127.73,123.81,127.33,95888117,,2026-07-24 00:53:35,
NAS,AMD,20230613,132.32,132.83,122.45,124.53,132461926,,2026-07-24 00:53:35,
NAS,AMD,20230612,128.52,130.48,126.40,129.19,85673077,,2026-07-24 00:53:35,
NAS,AMD,20230609,123.57,127.25,123.55,124.92,75105039,,2026-07-24 00:53:35,
NAS,AMD,20230608,118.30,122.21,117.05,121.05,65246930,,2026-07-24 00:53:35,
