NAS,QQQ,20260811,721.80,724.40,720.36,722.93,365134,,2026-08-11 21:18:13,
NAS,QQQ,20260810,722.39,724.67,720.33,720.87,26243183,,2026-08-11 21:18:13,
NAS,QQQ,20260807,720.15,723.63,716.51,723.03,31070371,,2026-08-11 21:18:13,
NAS,QQQ,20260806,710.82,719.32,708.50,714.65,33035860,,2026-08-11 21:18:13,
NAS,QQQ,20260805,726.25,728.54,716.92,717.30,33540176,,2026-08-11 21:18:13,
NAS,QQQ,20260804,708.16,725.66,707.53,723.85,59778624,,2026-08-11 21:18:13,
NAS,QQQ,20260803,688.30,701.59,685.82,700.07,44965071,,2026-08-11 21:18:13,
NAS,QQQ,20260731,692.11,695.77,680.05,687.99,50540483,,2026-08-11 21:18:13,
NAS,QQQ,20260730,674.76,685.12,673.30,683.55,66753681,,2026-08-11 21:18:13,
NAS,QQQ,20260729,675.51,680.05,661.14,661.73,57233269,,2026-08-11 21:18:13,
NAS,QQQ,20260728,676.23,679.40,667.88,675.49,51398741,,2026-08-11 21:18:13,
NAS,QQQ,20260727,691.68,692.30,675.95,682.12,42681473,,2026-08-11 21:18:13,
NAS,QQQ,20260724,690.41,692.63,682.48,684.23,42876658,,2026-08-11 21:18:13,
NAS,QQQ,20260723,694.67,698.66,687.79,691.96,44028575,,2026-08-11 21:18:13,
NAS,QQQ,20260722,703.62,709.65,703.62,705.35,23692181,,2026-08-11 21:18:13,
NAS,QQQ,20260721,706.57,710.05,702.80,708.97,33728341,,2026-08-11 21:18:13,
NAS,QQQ,20260720,702.16,705.80,695.51,696.06,29687558,,2026-08-11 21:18:13,
NAS,QQQ,20260717,691.65,702.30,686.76,695.33,54109267,,2026-08-11 21:18:13,
NAS,QQQ,20260716,712.01,713.60,702.61,705.94,39402024,,2026-08-11 21:18:13,
NAS,QQQ,20260715,723.85,724.36,710.23,717.74,32627583,,2026-08-11 21:18:13,
NAS,QQQ,20260714,720.22,722.29,714.34,719.69,29448117,,2026-08-11 21:18:13,
NAS,QQQ,20260713,717.72,718.74,710.08,711.74,36552362,,2026-08-11 21:18:13,
NAS,QQQ,20260710,720.70,726.39,717.00,725.51,26415898,,2026-08-11 21:18:13,
NAS,QQQ,20260709,718.33,724.23,715.13,723.28,33654712,,2026-08-11 21:18:13,
NAS,QQQ,20260708,704.95,712.26,700.91,711.44,35603179,,2026-08-11 21:18:13,
NAS,QQQ,20260707,714.17,716.35,704.90,709.43,42483079,,2026-08-11 21:18:13,
NAS,QQQ,20260706,719.93,726.08,718.45,722.82,30220428,,2026-08-11 21:18:13,
NAS,QQQ,20260702,725.58,730.83,707.56,712.60,51086080,,2026-08-11 21:18:13,
NAS,QQQ,20260701,729.19,731.92,724.60,725.17,40803791,,2026-08-11 21:18:13,
NAS,QQQ,20260630,724.18,737.62,723.91,736.40,42121829,,2026-08-11 21:18:13,
NAS,QQQ,20260629,713.99,724.58,705.17,724.08,44939090,,2026-08-11 21:18:13,
NAS,QQQ,20260626,707.13,715.56,702.81,706.52,47081821,,2026-08-11 21:18:13,
NAS,QQQ,20260625,725.90,726.83,705.30,716.38,50144089,,2026-08-11 21:18:13,
NAS,QQQ,20260624,715.37,719.93,704.45,710.62,52480437,,2026-08-11 21:18:13,
NAS,QQQ,20260623,715.74,723.61,712.11,713.65,53354151,,2026-08-11 21:18:13,
NAS,QQQ,20260622,742.02,745.45,734.39,737.95,43518595,,2026-08-11 21:18:13,
NAS,QQQ,20260618,737.20,741.82,732.51,740.62,50154595,,2026-08-11 21:18:13,
NAS,QQQ,20260617,735.19,735.68,720.85,722.51,51669322,,2026-08-11 21:18:13,
NAS,QQQ,20260616,742.25,744.22,729.64,729.86,45348675,,2026-08-11 21:18:13,
NAS,QQQ,20260615,738.10,744.76,737.38,744.00,46710216,,2026-08-11 21:18:13,
NAS,QQQ,20260612,717.61,724.01,711.28,721.34,51236021,,2026-08-11 21:18:13,
NAS,QQQ,20260611,699.29,718.37,695.00,717.12,71798857,,2026-08-11 21:18:13,
NAS,QQQ,20260610,701.66,711.28,692.93,693.69,65334283,,2026-08-11 21:18:13,
NAS,QQQ,20260609,722.98,725.66,686.37,707.83,91932171,,2026-08-11 21:18:13,
NAS,QQQ,20260608,717.81,723.03,713.07,716.07,47401451,,2026-08-11 21:18:13,
NAS,QQQ,20260605,730.06,731.69,704.32,705.06,99606571,,2026-08-11 21:18:13,
NAS,QQQ,20260604,735.48,743.50,732.62,740.61,40782580,,2026-08-11 21:18:13,
NAS,QQQ,20260603,747.31,748.65,741.01,744.21,40270198,,2026-08-11 21:18:13,
NAS,QQQ,20260602,742.40,746.44,739.23,746.16,30085237,,2026-08-11 21:18:13,
NAS,QQQ,20260601,737.04,745.65,735.99,742.74,33890559,,2026-08-11 21:18:13,
NAS,QQQ,20260529,737.84,741.63,735.25,738.31,37541668,,2026-08-11 21:18:13,
NAS,QQQ,20260528,729.73,736.60,726.41,735.60,32839952,,2026-08-11 21:18:13,
NAS,QQQ,20260527,732.96,733.32,725.44,729.45,35148674,,2026-08-11 21:18:13,
NAS,QQQ,20260526,725.96,731.17,724.16,730.28,34254692,,2026-08-11 21:18:13,
NAS,QQQ,20260522,718.07,722.12,715.95,717.54,33118575,,2026-08-11 21:18:13,
NAS,QQQ,20260521,708.99,717.12,706.77,714.51,36415360,,2026-08-11 21:18:13,
NAS,QQQ,20260520,705.29,713.15,703.79,713.15,36779222,,2026-08-11 21:18:13,
NAS,QQQ,20260519,699.81,706.49,695.25,701.53,46827529,,2026-08-11 21:18:13,
NAS,QQQ,20260518,711.54,712.07,698.85,705.88,49834549,,2026-08-11 21:18:13,
NAS,QQQ,20260515,710.14,715.13,705.55,708.93,51792656,,2026-08-11 21:18:13,
NAS,QQQ,20260514,714.62,722.03,714.22,719.79,33327545,,2026-08-11 21:18:13,
NAS,QQQ,20260513,709.96,716.65,704.83,714.71,40012526,,2026-08-11 21:18:13,
NAS,QQQ,20260512,708.22,710.18,696.64,707.24,45873009,,2026-08-11 21:18:13,
NAS,QQQ,20260511,710.36,714.59,708.91,713.29,36019146,,2026-08-11 21:18:13,
NAS,QQQ,20260508,699.92,711.23,699.50,711.23,44320421,,2026-08-11 21:18:13,
NAS,QQQ,20260507,696.58,701.24,691.77,694.94,43779087,,2026-08-11 21:18:13,2026-08-11 21:18:13
NAS,QQQ,20260506,687.78,695.93,686.48,695.77,38778492,,2026-08-11 21:18:13,2026-08-11 21:18:13
NAS,QQQ,20260505,677.96,682.77,677.51,681.61,37101063,,2026-08-11 21:18:13,2026-08-11 21:18:13
NAS,QQQ,20260504,674.66,676.73,668.90,672.88,34541990,,2026-08-11 21:18:13,2026-08-11 21:18:13
NAS,QQQ,20260501,669.16,675.97,668.80,674.15,39172607,,2026-08-11 21:18:13,2026-08-11 21:18:13
NAS,QQQ,20260430,665.35,668.90,657.56,667.74,40622226,,2026-08-11 21:18:13,2026-08-11 21:18:13
NAS,QQQ,20260429,658.63,661.72,656.59,661.57,31724860,,2026-08-11 21:18:13,2026-08-11 21:18:13
NAS,QQQ,20260428,657.41,659.64,653.81,657.55,34147916,,2026-08-11 21:18:13,2026-08-11 21:18:13
NAS,QQQ,20260427,663.40,664.43,660.69,664.23,32717030,,2026-08-11 21:18:13,2026-08-11 21:18:13
NAS,QQQ,20260424,658.51,664.51,656.53,663.88,45563050,,2026-08-11 21:18:13,2026-08-11 21:18:13
NAS,QQQ,20260423,653.55,656.92,645.52,651.42,40099827,,2026-08-11 21:18:13,2026-08-11 21:18:13
NAS,QQQ,20260422,650.15,655.33,648.52,655.11,37368402,,2026-08-11 21:18:13,2026-08-11 21:18:13
NAS,QQQ,20260421,648.41,650.20,642.21,644.33,39580523,,2026-08-11 21:18:13,2026-08-11 21:18:13
NAS,QQQ,20260420,648.04,648.76,642.52,646.79,37138511,,2026-08-11 21:18:13,2026-08-11 21:18:13
NAS,QQQ,20260417,645.59,650.00,644.07,648.85,53488871,,2026-08-11 21:18:13,2026-08-11 21:18:13
NAS,QQQ,20260416,639.21,642.18,635.26,640.47,42320581,,2026-08-11 21:18:13,2026-08-11 21:18:13
NAS,QQQ,20260415,629.08,637.83,628.20,637.40,50102386,,2026-08-11 21:18:13,2026-08-11 21:18:13
NAS,QQQ,20260414,620.22,628.60,620.10,628.60,49921081,,2026-08-11 21:18:13,2026-08-11 21:18:13
NAS,QQQ,20260413,609.48,626.74,608.11,617.39,32972110,,2026-08-11 21:18:13,2026-08-11 21:18:13
NAS,QQQ,20260410,611.84,613.67,609.58,611.07,34038533,,2026-08-11 21:18:13,2026-08-11 21:18:13
NAS,QQQ,20260409,605.93,610.50,603.03,610.19,37837538,,2026-08-11 21:18:13,2026-08-11 21:18:13
NAS,QQQ,20260408,608.71,609.90,602.12,606.09,63085996,,2026-08-11 21:18:13,2026-08-11 21:18:13
NAS,QQQ,20260407,585.64,588.98,578.40,588.59,49948195,,2026-08-11 21:18:13,2026-08-11 21:18:13
NAS,QQQ,20260406,586.23,590.61,584.69,588.50,35108496,,2026-08-11 21:18:13,2026-08-11 21:18:13
NAS,QQQ,20260402,573.97,586.05,571.92,584.98,50941709,,2026-08-11 21:18:13,2026-08-11 21:18:13
NAS,QQQ,20260401,581.48,587.74,580.42,584.31,79435132,,2026-08-11 21:18:13,2026-08-11 21:18:13
NAS,QQQ,20260331,564.29,578.64,564.21,577.18,95877997,,2026-08-11 21:18:13,2026-08-11 21:18:13
NAS,QQQ,20260330,567.38,568.05,555.60,558.28,70602622,,2026-08-11 21:18:13,2026-08-11 21:18:13
NAS,QQQ,20260327,570.81,571.02,561.57,562.58,82702240,,2026-08-11 21:18:13,2026-08-11 21:18:13
NAS,QQQ,20260326,582.60,584.63,573.43,573.79,81492124,,2026-08-11 21:18:13,2026-08-11 21:18:13
NAS,QQQ,20260325,589.14,591.37,585.69,587.82,60475491,,2026-08-11 21:18:13,2026-08-11 21:18:13
NAS,QQQ,20260324,584.81,587.93,581.93,583.98,57750895,,2026-08-11 21:18:13,2026-08-11 21:18:13
NAS,QQQ,20260323,590.52,595.08,585.96,588.00,89936118,,2026-08-11 21:18:13,2026-08-11 21:18:13
NAS,QQQ,20260320,591.06,591.17,578.54,582.06,91964677,,2026-08-11 21:18:13,2026-08-11 21:18:13
NAS,QQQ,20260319,589.51,595.80,587.08,593.02,75597578,,2026-08-11 21:18:13,2026-08-11 21:18:13
NAS,QQQ,20260318,601.49,603.16,594.56,594.90,56127962,,2026-08-11 21:18:13,
NAS,QQQ,20260317,603.14,605.90,601.87,603.31,47106607,,2026-08-11 21:18:13,
NAS,QQQ,20260316,600.04,603.86,599.11,600.38,49077155,,2026-08-11 21:18:13,
NAS,QQQ,20260313,599.73,603.60,592.57,593.72,63145490,,2026-08-11 21:18:13,
NAS,QQQ,20260312,602.76,604.14,597.05,597.26,71836629,,2026-08-11 21:18:13,
NAS,QQQ,20260311,608.95,612.43,605.03,607.69,60114800,,2026-08-11 21:18:13,
NAS,QQQ,20260310,607.78,613.29,605.42,607.77,64078867,,2026-08-11 21:18:13,
NAS,QQQ,20260309,594.23,609.27,591.33,607.76,93068170,,2026-08-11 21:18:13,
NAS,QQQ,20260306,600.31,606.00,598.33,599.75,86302307,,2026-08-11 21:18:13,
NAS,QQQ,20260305,607.40,612.76,602.26,608.91,89602407,,2026-08-11 21:18:13,
NAS,QQQ,20260304,604.16,612.88,603.43,610.75,70943888,,2026-08-11 21:18:13,
NAS,QQQ,20260303,596.33,603.96,591.87,601.58,97015532,,2026-08-11 21:18:13,
NAS,QQQ,20260302,598.86,609.92,597.99,608.09,75264644,,2026-08-11 21:18:13,
NAS,QQQ,20260227,602.98,608.32,602.19,607.29,68125196,,2026-08-11 21:18:13,
NAS,QQQ,20260226,615.59,615.59,603.98,609.24,96178870,,2026-08-11 21:18:13,
NAS,QQQ,20260225,611.07,616.83,611.00,616.68,55710653,,2026-08-11 21:18:13,
NAS,QQQ,20260224,602.40,608.99,599.73,607.87,55023732,,2026-08-11 21:18:13,
NAS,QQQ,20260223,606.61,608.01,599.05,601.41,63859111,,2026-08-11 21:18:13,
NAS,QQQ,20260220,600.12,610.35,599.23,608.81,74127323,,2026-08-11 21:18:13,
NAS,QQQ,20260219,602.81,605.82,600.75,603.47,60960839,,2026-08-11 21:18:13,
NAS,QQQ,20260218,602.11,609.77,600.72,605.79,64250668,,2026-08-11 21:18:13,
NAS,QQQ,20260217,598.38,603.95,593.34,601.30,69013763,,2026-08-11 21:18:13,
NAS,QQQ,20260213,600.43,606.48,596.42,601.92,69237547,,2026-08-11 21:18:13,
NAS,QQQ,20260212,614.71,615.81,599.57,600.64,81378903,,2026-08-11 21:18:13,
NAS,QQQ,20260211,616.38,617.52,607.69,613.11,58575101,,2026-08-11 21:18:13,
NAS,QQQ,20260210,615.31,617.02,611.01,611.47,53938859,,2026-08-11 21:18:13,
NAS,QQQ,20260209,607.54,616.46,605.07,614.32,56797557,,2026-08-11 21:18:13,
NAS,QQQ,20260206,600.19,611.41,598.77,609.65,78019338,,2026-08-11 21:18:13,
NAS,QQQ,20260205,600.21,604.81,594.76,597.03,89354492,,2026-08-11 21:18:13,
NAS,QQQ,20260204,615.02,615.10,600.47,605.75,81850748,,2026-08-11 21:18:13,
NAS,QQQ,20260203,628.30,629.98,610.96,616.52,81233969,,2026-08-11 21:18:13,
NAS,QQQ,20260202,618.70,628.49,618.66,626.14,49020292,,2026-08-11 21:18:13,
NAS,QQQ,20260130,625.71,628.26,619.30,621.87,65650714,,2026-08-11 21:18:13,
NAS,QQQ,20260129,632.65,633.67,618.27,629.43,79944047,,2026-08-11 21:18:13,
NAS,QQQ,20260128,635.46,636.60,631.81,633.22,50691691,,2026-08-11 21:18:13,
NAS,QQQ,20260127,628.91,632.04,627.34,631.13,38997212,,2026-08-11 21:18:13,2026-08-11 21:18:13
NAS,QQQ,20260126,623.21,627.61,622.12,625.46,35983008,,2026-08-11 21:18:13,2026-08-11 21:18:13
NAS,QQQ,20260123,619.73,625.40,618.65,622.72,43645825,,2026-08-11 21:18:13,2026-08-11 21:18:13
NAS,QQQ,20260122,622.35,622.46,617.78,620.76,42254757,,2026-08-11 21:18:13,2026-08-11 21:18:13
NAS,QQQ,20260121,609.47,620.42,607.86,616.28,79837881,,2026-08-11 21:18:13,2026-08-11 21:18:13
NAS,QQQ,20260120,610.53,615.06,607.05,608.06,81988898,,2026-08-11 21:18:13,2026-08-11 21:18:13
NAS,QQQ,20260116,625.50,626.08,618.88,621.26,61058094,,2026-08-11 21:18:13,2026-08-11 21:18:13
NAS,QQQ,20260115,626.60,630.00,620.75,621.78,53934892,,2026-08-11 21:18:13,2026-08-11 21:18:13
NAS,QQQ,20260114,622.24,623.45,614.56,619.55,72598700,,2026-08-11 21:18:13,2026-08-11 21:18:13
NAS,QQQ,20260113,627.27,629.47,623.70,626.24,44481380,,2026-08-11 21:18:13,2026-08-11 21:18:13
NAS,QQQ,20260112,622.31,628.85,622.26,627.17,37388651,,2026-08-11 21:18:13,2026-08-11 21:18:13
NAS,QQQ,20260109,621.41,627.89,619.06,626.65,49688734,,2026-08-11 21:18:13,2026-08-11 21:18:13
NAS,QQQ,20260108,623.03,623.42,617.80,620.47,50435941,,2026-08-11 21:18:13,2026-08-11 21:18:13
NAS,QQQ,20260107,623.04,627.94,622.56,624.02,44880339,,2026-08-11 21:18:13,2026-08-11 21:18:13
NAS,QQQ,20260106,619.23,624.02,618.54,623.42,43137520,,2026-08-11 21:18:13,2026-08-11 21:18:13
NAS,QQQ,20260105,619.32,620.81,616.72,617.99,46828359,,2026-08-11 21:18:13,2026-08-11 21:18:13
NAS,QQQ,20260102,620.06,622.85,610.15,613.12,61859163,,2026-08-11 21:18:13,2026-08-11 21:18:13
NAS,QQQ,20251231,619.65,619.96,614.05,614.31,40746527,,2026-08-11 21:18:13,2026-08-11 21:18:13
NAS,QQQ,20251230,619.84,622.18,619.22,619.43,31226754,,2026-08-11 21:18:13,2026-08-11 21:18:13
NAS,QQQ,20251229,620.10,622.78,618.73,620.87,32458308,,2026-08-11 21:18:13,2026-08-11 21:18:13
NAS,QQQ,20251226,624.66,625.52,623.14,623.89,28959778,,2026-08-11 21:18:13,2026-08-11 21:18:13
NAS,QQQ,20251224,621.99,624.28,621.72,623.93,18468707,,2026-08-11 21:18:13,2026-08-11 21:18:13
NAS,QQQ,20251223,618.20,622.41,617.78,622.11,41120445,,2026-08-11 21:18:13,2026-08-11 21:18:13
NAS,QQQ,20251222,621.35,621.65,617.77,619.21,43703101,,2026-08-11 21:18:13,2026-08-11 21:18:13
NAS,QQQ,20251219,611.95,617.62,611.87,617.05,60369829,,2026-08-11 21:18:13,2026-08-11 21:18:13
NAS,QQQ,20251218,609.80,612.93,606.92,609.11,78875824,,2026-08-11 21:18:13,2026-08-11 21:18:13
NAS,QQQ,20251217,613.06,613.65,600.28,600.41,70654327,,2026-08-11 21:18:13,2026-08-11 21:18:13
NAS,QQQ,20251216,608.26,613.51,606.91,611.75,55152819,,2026-08-11 21:18:13,2026-08-11 21:18:13
NAS,QQQ,20251215,618.37,618.42,609.32,610.54,49538197,,2026-08-11 21:18:13,2026-08-11 21:18:13
NAS,QQQ,20251212,622.08,623.54,611.36,613.62,75158726,,2026-08-11 21:18:13,2026-08-11 21:18:13
NAS,QQQ,20251211,623.82,625.78,617.72,625.58,58272844,,2026-08-11 21:18:13,
NAS,QQQ,20251210,623.85,629.21,620.99,627.61,55031384,,2026-08-11 21:18:13,
NAS,QQQ,20251209,623.01,625.87,621.00,625.05,37155999,,2026-08-11 21:18:13,
NAS,QQQ,20251208,627.21,628.84,621.69,624.28,43462406,,2026-08-11 21:18:13,
NAS,QQQ,20251205,624.38,628.92,623.71,625.48,53614169,,2026-08-11 21:18:13,
NAS,QQQ,20251204,624.93,624.94,619.54,622.94,47067751,,2026-08-11 21:18:13,
NAS,QQQ,20251203,619.62,624.22,618.03,623.52,47841627,,2026-08-11 21:18:13,
NAS,QQQ,20251202,619.46,623.75,617.59,622.00,54541834,,2026-08-11 21:18:13,
NAS,QQQ,20251201,613.63,619.44,612.52,617.17,40957588,,2026-08-11 21:18:13,
NAS,QQQ,20251128,616.11,619.32,615.42,619.25,23034394,,2026-08-11 21:18:13,
NAS,QQQ,20251126,612.51,616.19,610.39,614.27,42393598,,2026-08-11 21:18:13,
NAS,QQQ,20251125,603.51,610.26,597.32,608.89,57560867,,2026-08-11 21:18:13,
NAS,QQQ,20251124,595.28,606.68,595.16,605.16,60168149,,2026-08-11 21:18:13,
NAS,QQQ,20251121,587.47,596.98,580.74,590.07,103344155,,2026-08-11 21:18:13,
NAS,QQQ,20251120,611.62,614.03,584.75,585.67,117743195,,2026-08-11 21:18:13,
NAS,QQQ,20251119,597.07,606.16,594.59,599.87,73111487,,2026-08-11 21:18:13,
NAS,QQQ,20251118,599.62,602.31,591.34,596.31,83327279,,2026-08-11 21:18:13,
NAS,QQQ,20251117,606.30,612.48,599.87,603.66,63850367,,2026-08-11 21:18:13,
NAS,QQQ,20251114,599.55,613.35,597.17,608.86,80087291,,2026-08-11 21:18:13,
NAS,QQQ,20251113,617.54,618.12,606.08,608.40,71333634,,2026-08-11 21:18:13,
NAS,QQQ,20251112,624.84,624.86,617.81,621.08,47444384,,2026-08-11 21:18:13,
NAS,QQQ,20251111,620.57,622.72,617.52,621.57,44868841,,2026-08-11 21:18:13,
NAS,QQQ,20251110,618.92,624.31,616.89,623.23,55919931,,2026-08-11 21:18:13,
NAS,QQQ,20251107,608.31,609.95,598.67,609.74,81835388,,2026-08-11 21:18:13,
NAS,QQQ,20251106,621.79,622.04,610.30,611.67,72115128,,2026-08-11 21:18:13,
NAS,QQQ,20251105,618.49,626.60,617.21,623.28,48688484,,2026-08-11 21:18:13,
NAS,QQQ,20251104,623.28,626.95,618.46,619.25,63830768,,2026-08-11 21:18:13,
NAS,QQQ,20251103,635.11,635.82,629.85,632.08,37154307,,2026-08-11 21:18:13,
NAS,QQQ,20251031,634.17,634.20,626.69,629.07,66305147,,2026-08-11 21:18:13,
NAS,QQQ,20251030,632.17,633.50,625.94,626.05,61628621,,2026-08-11 21:18:13,
NAS,QQQ,20251029,635.59,637.01,630.25,635.77,67422806,,2026-08-11 21:18:13,
NAS,QQQ,20251028,630.36,634.68,629.25,632.92,61195733,,2026-08-11 21:18:13,
NAS,QQQ,20251027,624.52,628.55,624.03,628.09,54098611,,2026-08-11 21:18:13,
NAS,QQQ,20251024,615.99,618.42,615.13,617.10,47632473,,2026-08-11 21:18:13,
NAS,QQQ,20251023,604.91,611.37,604.52,610.58,42844298,,2026-08-11 21:18:13,
NAS,QQQ,20251022,610.82,611.41,599.74,605.49,61478802,,2026-08-11 21:18:13,
NAS,QQQ,20251021,611.64,612.72,609.32,611.38,44538161,,2026-08-11 21:18:13,
NAS,QQQ,20251020,607.14,612.80,607.07,611.54,45761697,,2026-08-11 21:18:13,
NAS,QQQ,20251017,597.95,605.51,596.37,603.93,72024872,,2026-08-11 21:18:13,2026-08-11 21:18:13
NAS,QQQ,20251016,605.11,608.31,595.50,599.99,70981963,,2026-08-11 21:18:13,2026-08-11 21:18:13
NAS,QQQ,20251015,604.01,606.70,595.93,602.22,62805456,,2026-08-11 21:18:13,2026-08-11 21:18:13
NAS,QQQ,20251014,595.31,602.69,590.13,598.00,69203187,,2026-08-11 21:18:13,2026-08-11 21:18:13
NAS,QQQ,20251013,599.68,602.95,597.23,602.01,65872584,,2026-08-11 21:18:13,2026-08-11 21:18:13
NAS,QQQ,20251010,611.40,613.18,589.05,589.50,97614783,,2026-08-11 21:18:13,2026-08-11 21:18:13
NAS,QQQ,20251009,611.48,611.61,607.48,610.70,45550958,,2026-08-11 21:18:13,2026-08-11 21:18:13
NAS,QQQ,20251008,605.41,611.75,605.26,611.44,50629754,,2026-08-11 21:18:13,2026-08-11 21:18:13
NAS,QQQ,20251007,609.02,609.71,603.03,604.51,58209463,,2026-08-11 21:18:13,2026-08-11 21:18:13
NAS,QQQ,20251006,608.45,609.36,605.97,607.71,41962115,,2026-08-11 21:18:13,2026-08-11 21:18:13
NAS,QQQ,20251003,606.51,607.33,601.39,603.18,46482098,,2026-08-11 21:18:13,2026-08-11 21:18:13
NAS,QQQ,20251002,607.06,607.16,602.93,605.73,43765410,,2026-08-11 21:18:13,2026-08-11 21:18:13
NAS,QQQ,20251001,597.17,603.79,596.34,603.25,46899612,,2026-08-11 21:18:13,2026-08-11 21:18:13
NAS,QQQ,20250930,598.43,600.71,596.10,600.37,46533814,,2026-08-11 21:18:13,2026-08-11 21:18:13
NAS,QQQ,20250929,599.11,602.05,597.41,598.73,48332934,,2026-08-11 21:18:13,2026-08-11 21:18:13
NAS,QQQ,20250926,594.35,596.30,591.06,595.97,54337416,,2026-08-11 21:18:13,2026-08-11 21:18:13
NAS,QQQ,20250925,592.20,595.12,588.50,593.53,70920209,,2026-08-11 21:18:13,2026-08-11 21:18:13
NAS,QQQ,20250924,599.58,599.90,593.36,596.10,49850301,,2026-08-11 21:18:13,2026-08-11 21:18:13
NAS,QQQ,20250923,602.37,602.57,596.98,598.20,64635486,,2026-08-11 21:18:13,2026-08-11 21:18:13
NAS,QQQ,20250922,597.74,602.87,597.72,602.20,57154769,,2026-08-11 21:18:13,2026-08-11 21:18:13
NAS,QQQ,20250919,597.33,600.05,595.85,599.35,58196109,,2026-08-11 21:18:13,2026-08-11 21:18:13
NAS,QQQ,20250918,594.91,598.14,592.96,595.32,61069294,,2026-08-11 21:18:13,2026-08-11 21:18:13
NAS,QQQ,20250917,591.10,591.75,584.37,590.00,69384820,,2026-08-11 21:18:13,2026-08-11 21:18:13
NAS,QQQ,20250916,592.61,592.86,590.49,591.18,36942130,,2026-08-11 21:18:13,2026-08-11 21:18:13
NAS,QQQ,20250915,588.44,591.79,588.30,591.68,44360315,,2026-08-11 21:18:13,2026-08-11 21:18:13
NAS,QQQ,20250912,585.04,587.86,584.10,586.66,50745886,,2026-08-11 21:18:13,2026-08-11 21:18:13
NAS,QQQ,20250911,583.24,584.88,581.62,584.08,44745766,,2026-08-11 21:18:13,2026-08-11 21:18:13
NAS,QQQ,20250910,583.74,583.77,578.55,580.70,49307959,,2026-08-11 21:18:13,2026-08-11 21:18:13
NAS,QQQ,20250909,579.67,580.94,577.04,580.51,44007592,,2026-08-11 21:18:13,2026-08-11 21:18:13
NAS,QQQ,20250908,578.37,580.84,577.77,578.87,46371354,,2026-08-11 21:18:13,2026-08-11 21:18:13
NAS,QQQ,20250905,580.49,581.12,571.53,576.06,68342532,,2026-08-11 21:18:13,2026-08-11 21:18:13
NAS,QQQ,20250904,570.74,575.60,569.03,575.23,47526280,,2026-08-11 21:18:13,2026-08-11 21:18:13
NAS,QQQ,20250903,569.23,571.70,566.73,570.07,54230213,,2026-08-11 21:18:13,
NAS,QQQ,20250902,561.31,565.97,559.54,565.62,65876765,,2026-08-11 21:18:13,
NAS,QQQ,20250829,574.66,575.03,568.54,570.40,56030409,,2026-08-11 21:18:13,
NAS,QQQ,20250828,574.11,578.00,572.46,577.08,46787857,,2026-08-11 21:18:13,
NAS,QQQ,20250827,571.59,574.41,570.37,573.49,36927144,,2026-08-11 21:18:13,
NAS,QQQ,20250826,569.83,572.92,568.80,572.61,34103014,,2026-08-11 21:18:13,
NAS,QQQ,20250825,570.40,573.29,569.16,570.32,34044749,,2026-08-11 21:18:13,
NAS,QQQ,20250822,564.67,573.99,563.27,571.97,51502129,,2026-08-11 21:18:13,
NAS,QQQ,20250821,564.35,566.49,560.98,563.28,46436899,,2026-08-11 21:18:13,
NAS,QQQ,20250820,568.33,568.45,558.84,565.90,76781087,,2026-08-11 21:18:13,
NAS,QQQ,20250819,576.39,576.56,568.25,569.28,53752635,,2026-08-11 21:18:13,
NAS,QQQ,20250818,576.44,577.77,575.24,577.11,29830957,,2026-08-11 21:18:13,
NAS,QQQ,20250815,579.80,579.84,575.57,577.34,49480161,,2026-08-11 21:18:13,
NAS,QQQ,20250814,578.28,581.88,577.91,579.89,45425043,,2026-08-11 21:18:13,
NAS,QQQ,20250813,582.76,583.32,578.94,580.34,41209294,,2026-08-11 21:18:13,
NAS,QQQ,20250812,575.16,580.35,572.49,580.05,42271441,,2026-08-11 21:18:13,
NAS,QQQ,20250811,574.69,576.80,571.57,572.85,33112917,,2026-08-11 21:18:13,
NAS,QQQ,20250808,570.45,574.77,570.15,574.55,35255472,,2026-08-11 21:18:13,
NAS,QQQ,20250807,571.67,573.32,565.11,569.24,44462972,,2026-08-11 21:18:13,
NAS,QQQ,20250806,561.11,567.76,560.63,567.32,41823677,,2026-08-11 21:18:13,
NAS,QQQ,20250805,565.39,566.56,559.73,560.27,48666640,,2026-08-11 21:18:13,
NAS,QQQ,20250804,559.05,564.32,558.95,564.10,47669751,,2026-08-11 21:18:13,
NAS,QQQ,20250801,558.83,559.02,551.68,553.88,69400789,,2026-08-11 21:18:13,
NAS,QQQ,20250731,574.54,574.63,563.87,565.01,64613590,,2026-08-11 21:18:13,
NAS,QQQ,20250730,568.18,570.62,565.05,568.02,43433777,,2026-08-11 21:18:13,
NAS,QQQ,20250729,570.76,572.11,566.53,567.26,45463317,,2026-08-11 21:18:13,
NAS,QQQ,20250728,567.74,569.04,566.87,568.14,31498739,,2026-08-11 21:18:13,
NAS,QQQ,20250725,564.93,567.70,564.27,566.37,30630813,,2026-08-11 21:18:13,
NAS,QQQ,20250724,565.13,566.24,563.30,565.01,42275541,,2026-08-11 21:18:13,
NAS,QQQ,20250723,562.34,563.85,559.58,563.81,40215259,,2026-08-11 21:18:13,
NAS,QQQ,20250722,564.30,564.35,558.61,561.25,43270647,,2026-08-11 21:18:13,
NAS,QQQ,20250721,562.09,566.06,562.06,564.17,39595214,,2026-08-11 21:18:13,
NAS,QQQ,20250718,563.12,564.73,559.98,561.26,50484704,,2026-08-11 21:18:13,
NAS,QQQ,20250717,558.02,562.31,557.21,561.80,40423778,,2026-08-11 21:18:13,
NAS,QQQ,20250716,557.28,560.21,551.56,557.29,52314711,,2026-08-11 21:18:13,
NAS,QQQ,20250715,560.25,560.80,556.66,556.72,43277661,,2026-08-11 21:18:13,
NAS,QQQ,20250714,553.99,556.95,551.63,556.21,36453314,,2026-08-11 21:18:13,
NAS,QQQ,20250711,553.30,555.79,552.05,554.20,39618635,,2026-08-11 21:18:13,2026-08-11 21:18:13
NAS,QQQ,20250710,556.89,557.30,552.75,555.45,34710913,,2026-08-11 21:18:13,2026-08-11 21:18:13
NAS,QQQ,20250709,554.48,557.63,553.10,556.25,43045534,,2026-08-11 21:18:13,2026-08-11 21:18:13
NAS,QQQ,20250708,553.38,554.01,551.10,552.34,36153258,,2026-08-11 21:18:13,2026-08-11 21:18:13
NAS,QQQ,20250707,553.52,554.34,549.58,552.03,45349323,,2026-08-11 21:18:13,2026-08-11 21:18:13
NAS,QQQ,20250703,553.18,557.20,553.18,556.22,26443524,,2026-08-11 21:18:13,2026-08-11 21:18:13
NAS,QQQ,20250702,546.16,551.00,546.12,550.80,36538281,,2026-08-11 21:18:13,2026-08-11 21:18:13
NAS,QQQ,20250701,549.73,550.71,544.66,546.99,56166736,,2026-08-11 21:18:13,2026-08-11 21:18:13
NAS,QQQ,20250630,551.26,552.80,549.01,551.64,45548742,,2026-08-11 21:18:13,2026-08-11 21:18:13
NAS,QQQ,20250627,547.26,549.99,544.55,548.09,57577147,,2026-08-11 21:18:13,2026-08-11 21:18:13
NAS,QQQ,20250626,543.35,546.67,541.52,546.22,43811432,,2026-08-11 21:18:13,2026-08-11 21:18:13
NAS,QQQ,20250625,542.06,543.31,539.38,541.16,44804168,,2026-08-11 21:18:13,2026-08-11 21:18:13
NAS,QQQ,20250624,536.89,540.70,536.27,539.78,45441982,,2026-08-11 21:18:13,2026-08-11 21:18:13
NAS,QQQ,20250623,526.81,532.17,523.65,531.65,50666146,,2026-08-11 21:18:13,2026-08-11 21:18:13
NAS,QQQ,20250620,532.26,533.56,524.88,526.83,61643519,,2026-08-11 21:18:13,2026-08-11 21:18:13
NAS,QQQ,20250618,530.10,532.55,527.40,528.99,43983522,,2026-08-11 21:18:13,2026-08-11 21:18:13
NAS,QQQ,20250617,531.71,533.33,527.91,529.08,42180866,,2026-08-11 21:18:13,2026-08-11 21:18:13
NAS,QQQ,20250616,530.50,535.37,530.45,534.29,37622051,,2026-08-11 21:18:13,2026-08-11 21:18:13
NAS,QQQ,20250613,527.68,531.87,525.73,526.96,55814443,,2026-08-11 21:18:13,2026-08-11 21:18:13
NAS,QQQ,20250612,531.09,534.64,530.84,533.66,34104887,,2026-08-11 21:18:13,2026-08-11 21:18:13
NAS,QQQ,20250611,535.62,536.78,530.11,532.41,53701033,,2026-08-11 21:18:13,2026-08-11 21:18:13
NAS,QQQ,20250610,531.17,534.90,528.89,534.21,40664795,,2026-08-11 21:18:13,2026-08-11 21:18:13
NAS,QQQ,20250609,530.14,532.35,529.01,530.70,33688671,,2026-08-11 21:18:13,2026-08-11 21:18:13
NAS,QQQ,20250606,530.00,531.80,528.21,529.92,42467021,,2026-08-11 21:18:13,2026-08-11 21:18:13
NAS,QQQ,20250605,530.18,533.05,522.66,524.79,61286623,,2026-08-11 21:18:13,2026-08-11 21:18:13
NAS,QQQ,20250604,528.01,529.84,525.97,528.77,41359322,,2026-08-11 21:18:13,2026-08-11 21:18:13
NAS,QQQ,20250603,523.56,528.74,522.69,527.30,44070330,,2026-08-11 21:18:13,2026-08-11 21:18:13
NAS,QQQ,20250602,517.24,523.45,515.97,523.21,44762817,,2026-08-11 21:18:13,2026-08-11 21:18:13
NAS,QQQ,20250530,519.44,520.68,511.93,519.11,67662836,,2026-08-11 21:18:13,2026-08-11 21:18:13
NAS,QQQ,20250529,526.33,526.48,517.32,519.93,58724069,,2026-08-11 21:18:13,2026-08-11 21:18:13
NAS,QQQ,20250528,522.18,523.68,518.39,518.91,46637175,,2026-08-11 21:18:13,2026-08-11 21:18:13
NAS,QQQ,20250527,516.15,521.71,514.59,521.22,47226323,,2026-08-11 21:18:13,
NAS,QQQ,20250523,506.18,511.84,505.58,509.24,58368075,,2026-08-11 21:18:13,
NAS,QQQ,20250522,513.66,517.71,512.30,514.00,55607169,,2026-08-11 21:18:13,
NAS,QQQ,20250521,516.27,523.00,511.24,513.04,71292831,,2026-08-11 21:18:13,
NAS,QQQ,20250520,519.47,520.93,516.66,520.27,42517561,,2026-08-11 21:18:13,
NAS,QQQ,20250519,514.24,522.53,514.24,522.01,52536154,,2026-08-11 21:18:13,
NAS,QQQ,20250516,520.66,521.70,517.10,521.51,48394603,,2026-08-11 21:18:13,
NAS,QQQ,20250515,516.52,521.93,515.17,519.25,50153275,,2026-08-11 21:18:13,
NAS,QQQ,20250514,516.77,519.23,515.75,518.68,47014516,,2026-08-11 21:18:13,
NAS,QQQ,20250513,509.16,517.39,508.42,515.59,53269573,,2026-08-11 21:18:13,
NAS,QQQ,20250512,506.99,507.89,501.48,507.85,45090616,,2026-08-11 21:18:13,
NAS,QQQ,20250509,490.21,491.54,486.20,487.97,27767416,,2026-08-11 21:18:13,
NAS,QQQ,20250508,488.53,492.70,484.17,488.29,39577592,,2026-08-11 21:18:13,
NAS,QQQ,20250507,482.08,485.80,476.78,483.30,38109864,,2026-08-11 21:18:13,
NAS,QQQ,20250506,479.56,485.05,478.19,481.41,32786310,,2026-08-11 21:18:13,
NAS,QQQ,20250505,484.60,489.03,484.10,485.93,28309490,,2026-08-11 21:18:13,
NAS,QQQ,20250502,486.54,490.91,484.83,488.83,39218082,,2026-08-11 21:18:13,
NAS,QQQ,20250501,483.41,487.18,480.74,481.68,43316539,,2026-08-11 21:18:13,
NAS,QQQ,20250430,467.13,477.20,462.43,475.47,46810610,,2026-08-11 21:18:13,
NAS,QQQ,20250429,470.17,476.42,469.59,475.53,30613120,,2026-08-11 21:18:13,
NAS,QQQ,20250428,473.03,474.81,466.03,472.41,33550778,,2026-08-11 21:18:13,
NAS,QQQ,20250425,466.97,473.09,465.39,472.56,38697063,,2026-08-11 21:18:13,
NAS,QQQ,20250424,456.48,467.66,455.83,467.35,45956136,,2026-08-11 21:18:13,
NAS,QQQ,20250423,458.17,463.38,452.88,454.56,55801136,,2026-08-11 21:18:13,
NAS,QQQ,20250422,438.82,447.58,437.62,444.48,52304388,,2026-08-11 21:18:13,
NAS,QQQ,20250421,438.23,439.08,427.93,433.11,44149313,,2026-08-11 21:18:13,
NAS,QQQ,20250417,447.17,447.75,441.36,444.10,44837047,,2026-08-11 21:18:13,
NAS,QQQ,20250416,449.03,452.62,437.76,444.18,48980552,,2026-08-11 21:18:13,
NAS,QQQ,20250415,458.54,462.38,456.15,457.99,35404210,,2026-08-11 21:18:13,
NAS,QQQ,20250414,464.46,465.05,452.63,457.48,43941179,,2026-08-11 21:18:13,
NAS,QQQ,20250411,444.65,455.79,441.33,454.40,52483779,,2026-08-11 21:18:13,
NAS,QQQ,20250410,453.56,455.59,432.63,446.18,108384092,,2026-08-11 21:18:13,
NAS,QQQ,20250409,415.57,467.83,415.43,466.00,142876878,,2026-08-11 21:18:13,
NAS,QQQ,20250408,438.16,443.14,409.79,416.06,101248060,,2026-08-11 21:18:13,
NAS,QQQ,20250407,408.66,443.14,402.39,423.69,161556970,,2026-08-11 21:18:13,
NAS,QQQ,20250404,438.14,440.37,422.67,422.67,117088441,,2026-08-11 21:18:13,
NAS,QQQ,20250403,456.44,460.07,450.14,450.66,70456338,,2026-08-11 21:18:13,
NAS,QQQ,20250402,466.12,479.56,465.86,476.15,49894489,,2026-08-11 21:18:13,2026-08-11 21:18:13
NAS,QQQ,20250401,467.30,473.63,464.42,472.70,41156226,,2026-08-11 21:18:13,2026-08-11 21:18:13
NAS,QQQ,20250331,461.92,469.86,457.33,468.92,53000303,,2026-08-11 21:18:13,2026-08-11 21:18:13
NAS,QQQ,20250328,479.81,480.52,468.05,468.94,46363797,,2026-08-11 21:18:13,2026-08-11 21:18:13
NAS,QQQ,20250327,482.41,486.58,480.25,481.62,33469817,,2026-08-11 21:18:13,2026-08-11 21:18:13
NAS,QQQ,20250326,492.30,493.16,482.82,484.38,35043357,,2026-08-11 21:18:13,2026-08-11 21:18:13
NAS,QQQ,20250325,491.39,493.62,490.42,493.46,26035241,,2026-08-11 21:18:13,2026-08-11 21:18:13
NAS,QQQ,20250324,487.74,491.51,484.40,490.66,34567186,,2026-08-11 21:18:13,2026-08-11 21:18:13
NAS,QQQ,20250321,474.08,481.61,472.91,480.84,42234874,,2026-08-11 21:18:13,2026-08-11 21:18:13
NAS,QQQ,20250320,476.88,484.55,476.18,479.26,36780549,,2026-08-11 21:18:13,2026-08-11 21:18:13
NAS,QQQ,20250319,476.81,485.33,474.87,480.89,40430334,,2026-08-11 21:18:13,2026-08-11 21:18:13
NAS,QQQ,20250318,479.41,479.61,472.41,474.54,39072265,,2026-08-11 21:18:13,2026-08-11 21:18:13
NAS,QQQ,20250317,479.61,485.84,477.80,482.77,41744354,,2026-08-11 21:18:13,2026-08-11 21:18:13
NAS,QQQ,20250314,473.73,480.56,473.12,479.66,43563010,,2026-08-11 21:18:13,2026-08-11 21:18:13
NAS,QQQ,20250313,476.25,476.28,466.43,468.34,46563349,,2026-08-11 21:18:13,2026-08-11 21:18:13
NAS,QQQ,20250312,479.16,481.06,471.79,476.92,46971082,,2026-08-11 21:18:13,2026-08-11 21:18:13
NAS,QQQ,20250311,472.35,478.81,467.01,471.60,68760771,,2026-08-11 21:18:13,2026-08-11 21:18:13
NAS,QQQ,20250310,483.45,483.97,468.66,472.73,76668029,,2026-08-11 21:18:13,2026-08-11 21:18:13
NAS,QQQ,20250307,487.16,493.28,480.53,491.79,54714726,,2026-08-11 21:18:13,2026-08-11 21:18:13
NAS,QQQ,20250306,493.69,498.58,486.20,488.20,57574332,,2026-08-11 21:18:13,2026-08-11 21:18:13
NAS,QQQ,20250305,496.20,503.63,491.26,502.01,46323725,,2026-08-11 21:18:13,2026-08-11 21:18:13
NAS,QQQ,20250304,494.18,503.74,487.74,495.55,67875402,,2026-08-11 21:18:13,2026-08-11 21:18:13
NAS,QQQ,20250303,511.52,513.04,493.58,497.05,44587204,,2026-08-11 21:18:13,2026-08-11 21:18:13
NAS,QQQ,20250228,500.13,508.78,496.93,508.17,47654043,,2026-08-11 21:18:13,2026-08-11 21:18:13
NAS,QQQ,20250227,518.13,519.07,500.05,500.27,52447966,,2026-08-11 21:18:13,2026-08-11 21:18:13
NAS,QQQ,20250226,515.53,519.66,511.37,514.56,34457618,,2026-08-11 21:18:13,2026-08-11 21:18:13
NAS,QQQ,20250225,519.24,519.32,509.44,513.32,48940025,,2026-08-11 21:18:13,2026-08-11 21:18:13
NAS,QQQ,20250224,527.88,529.07,519.53,519.87,39268392,,2026-08-11 21:18:13,2026-08-11 21:18:13
NAS,QQQ,20250221,538.38,538.40,525.71,526.08,47093750,,2026-08-11 21:18:13,2026-08-11 21:18:13
NAS,QQQ,20250220,538.73,539.10,532.46,537.23,26550753,,2026-08-11 21:18:13,2026-08-11 21:18:13
NAS,QQQ,20250219,538.57,540.81,536.46,539.52,19666861,,2026-08-11 21:18:13,2026-08-11 21:18:13
NAS,QQQ,20250218,539.73,540.00,536.04,539.37,20565028,,2026-08-11 21:18:13,2026-08-11 21:18:13
NAS,QQQ,20250214,536.01,538.84,535.67,538.15,17862572,,2026-08-11 21:18:13,
NAS,QQQ,20250213,529.98,536.22,529.19,535.90,28714799,,2026-08-11 21:18:13,
NAS,QQQ,20250212,522.30,529.19,521.95,528.30,25009362,,2026-08-11 21:18:13,
NAS,QQQ,20250211,525.96,529.92,525.83,527.99,19325500,,2026-08-11 21:18:13,
NAS,QQQ,20250210,527.22,530.36,526.75,529.25,20852784,,2026-08-11 21:18:13,
NAS,QQQ,20250207,530.14,532.10,522.19,522.92,29605470,,2026-08-11 21:18:13,
NAS,QQQ,20250206,527.36,529.81,525.74,529.60,19434454,,2026-08-11 21:18:13,
NAS,QQQ,20250205,521.82,527.01,520.62,526.85,21134070,,2026-08-11 21:18:13,
NAS,QQQ,20250204,518.63,525.11,518.23,524.47,26046753,,2026-08-11 21:18:13,
NAS,QQQ,20250203,513.47,520.85,511.05,518.11,40580835,,2026-08-11 21:18:13,
NAS,QQQ,20250131,526.92,531.52,521.19,522.29,38845467,,2026-08-11 21:18:13,
NAS,QQQ,20250130,523.71,526.10,518.21,523.05,27431302,,2026-08-11 21:18:13,
NAS,QQQ,20250129,522.46,522.59,516.90,520.83,26649011,,2026-08-11 21:18:13,
NAS,QQQ,20250128,515.22,523.00,511.78,521.81,33194214,,2026-08-11 21:18:13,
NAS,QQQ,20250127,511.00,517.99,510.15,514.21,60771695,,2026-08-11 21:18:13,
NAS,QQQ,20250124,533.02,533.79,528.15,529.63,19878251,,2026-08-11 21:18:13,
NAS,QQQ,20250123,529.04,532.76,528.45,532.64,23096588,,2026-08-11 21:18:13,
NAS,QQQ,20250122,529.57,533.82,529.26,531.51,33592988,,2026-08-11 21:18:13,
NAS,QQQ,20250121,524.48,525.97,520.06,524.80,23627971,,2026-08-11 21:18:13,
NAS,QQQ,20250117,522.85,524.07,513.11,521.74,51837941,,2026-08-11 21:18:13,
NAS,QQQ,20250116,518.98,519.06,512.95,513.08,28229037,,2026-08-11 21:18:13,
NAS,QQQ,20250115,513.03,517.85,511.46,516.70,34957554,,2026-08-11 21:18:13,
NAS,QQQ,20250114,508.74,510.16,501.59,505.08,33737237,,2026-08-11 21:18:13,
NAS,QQQ,20250113,501.20,506.02,499.70,505.56,31694210,,2026-08-11 21:18:13,
NAS,QQQ,20250110,511.48,511.58,503.92,507.19,40532495,,2026-08-11 21:18:13,
NAS,QQQ,20250108,515.08,516.92,510.57,515.27,30777777,,2026-08-11 21:18:13,
NAS,QQQ,20250107,525.59,525.99,513.28,515.18,36690272,,2026-08-11 21:18:13,
NAS,QQQ,20250106,524.02,527.92,522.03,524.54,36109734,,2026-08-11 21:18:13,
NAS,QQQ,20250103,513.35,519.65,512.53,518.58,29059520,,2026-08-11 21:18:13,
NAS,QQQ,20250102,514.30,516.64,505.71,510.23,36389783,,2026-08-11 21:18:13,
NAS,QQQ,20241231,516.90,517.66,510.26,511.23,29117028,,2026-08-11 21:18:13,
NAS,QQQ,20241230,515.51,519.36,511.83,515.61,34584028,,2026-08-11 21:18:13,
NAS,QQQ,20241227,526.01,526.45,517.86,522.56,33839555,,2026-08-11 21:18:13,
NAS,QQQ,20241226,528.32,531.24,526.31,529.60,19141494,,2026-08-11 21:18:13,
NAS,QQQ,20241224,524.83,530.05,524.19,529.96,17558215,,2026-08-11 21:18:13,
NAS,QQQ,20241223,519.55,523.25,516.13,522.87,29672800,,2026-08-11 21:18:13,2026-08-11 21:18:13
NAS,QQQ,20241220,510.44,524.82,509.29,518.66,60529961,,2026-08-11 21:18:13,2026-08-11 21:18:13
NAS,QQQ,20241219,521.19,521.76,513.83,514.17,46441754,,2026-08-11 21:18:13,2026-08-11 21:18:13
NAS,QQQ,20241218,535.15,536.88,515.01,516.47,54703155,,2026-08-11 21:18:13,2026-08-11 21:18:13
NAS,QQQ,20241217,536.36,537.48,534.13,535.80,28579070,,2026-08-11 21:18:13,2026-08-11 21:18:13
NAS,QQQ,20241216,533.08,539.15,533.00,538.17,31979863,,2026-08-11 21:18:13,2026-08-11 21:18:13
NAS,QQQ,20241213,530.46,533.17,527.30,530.53,28780405,,2026-08-11 21:18:13,2026-08-11 21:18:13
NAS,QQQ,20241212,527.68,528.96,526.02,526.50,23577504,,2026-08-11 21:18:13,2026-08-11 21:18:13
NAS,QQQ,20241211,525.00,530.61,524.59,529.92,32168579,,2026-08-11 21:18:13,2026-08-11 21:18:13
NAS,QQQ,20241210,523.62,525.38,519.16,520.60,24350040,,2026-08-11 21:18:13,2026-08-11 21:18:13
NAS,QQQ,20241209,525.55,526.35,521.22,522.38,20674405,,2026-08-11 21:18:13,2026-08-11 21:18:13
NAS,QQQ,20241206,522.48,526.72,522.35,526.48,23762611,,2026-08-11 21:18:13,2026-08-11 21:18:13
NAS,QQQ,20241205,523.31,524.04,521.42,521.81,18169632,,2026-08-11 21:18:13,2026-08-11 21:18:13
NAS,QQQ,20241204,520.32,523.52,519.60,523.26,26086222,,2026-08-11 21:18:13,2026-08-11 21:18:13
NAS,QQQ,20241203,513.95,517.15,513.37,516.87,18597900,,2026-08-11 21:18:13,2026-08-11 21:18:13
NAS,QQQ,20241202,511.01,516.26,510.62,515.29,25147165,,2026-08-11 21:18:13,2026-08-11 21:18:13
NAS,QQQ,20241129,505.93,510.34,505.31,509.74,15333968,,2026-08-11 21:18:13,2026-08-11 21:18:13
NAS,QQQ,20241127,508.17,508.24,501.93,505.30,24957441,,2026-08-11 21:18:13,2026-08-11 21:18:13
NAS,QQQ,20241126,508.08,510.14,507.23,509.31,26557061,,2026-08-11 21:18:13,2026-08-11 21:18:13
NAS,QQQ,20241125,509.90,511.45,504.26,506.59,26375166,,2026-08-11 21:18:13,2026-08-11 21:18:13
NAS,QQQ,20241122,504.42,506.53,502.78,505.79,23826644,,2026-08-11 21:18:13,2026-08-11 21:18:13
NAS,QQQ,20241121,506.24,506.96,497.56,504.98,34526738,,2026-08-11 21:18:13,2026-08-11 21:18:13
NAS,QQQ,20241120,503.16,503.48,496.56,503.17,29565491,,2026-08-11 21:18:13,2026-08-11 21:18:13
NAS,QQQ,20241119,497.42,503.95,497.08,503.46,24523020,,2026-08-11 21:18:13,2026-08-11 21:18:13
NAS,QQQ,20241118,498.13,502.14,496.73,500.02,27192662,,2026-08-11 21:18:13,2026-08-11 21:18:13
NAS,QQQ,20241115,502.94,503.33,494.49,496.57,51461054,,2026-08-11 21:18:13,2026-08-11 21:18:13
NAS,QQQ,20241114,511.91,512.79,507.77,508.69,28679519,,2026-08-11 21:18:13,2026-08-11 21:18:13
NAS,QQQ,20241113,512.40,514.98,509.95,512.25,24567416,,2026-08-11 21:18:13,2026-08-11 21:18:13
NAS,QQQ,20241112,513.77,514.66,509.83,512.91,25835288,,2026-08-11 21:18:13,2026-08-11 21:18:13
NAS,QQQ,20241111,515.37,515.58,510.92,513.84,24167479,,2026-08-11 21:18:13,2026-08-11 21:18:13
NAS,QQQ,20241108,513.04,514.92,512.41,514.14,22924483,,2026-08-11 21:18:13,2026-08-11 21:18:13
NAS,QQQ,20241107,508.40,514.33,508.34,513.54,32853120,,2026-08-11 21:18:13,2026-08-11 21:18:13
NAS,QQQ,20241106,500.56,506.41,499.60,505.58,43082198,,2026-08-11 21:18:13,2026-08-11 21:18:13
NAS,QQQ,20241105,487.61,492.88,487.52,492.21,24353615,,2026-08-11 21:18:13,
NAS,QQQ,20241104,486.82,489.38,484.25,486.01,23291580,,2026-08-11 21:18:13,
NAS,QQQ,20241101,485.50,490.75,485.20,487.43,33655757,,2026-08-11 21:18:13,
NAS,QQQ,20241031,492.38,492.43,483.75,483.85,41245248,,2026-08-11 21:18:13,
NAS,QQQ,20241030,499.39,500.35,495.89,496.38,29755960,,2026-08-11 21:18:13,
NAS,QQQ,20241029,495.72,501.35,493.85,500.16,28014059,,2026-08-11 21:18:13,
NAS,QQQ,20241028,498.46,498.52,495.10,495.40,20477778,,2026-08-11 21:18:13,
NAS,QQQ,20241025,495.14,500.28,494.43,495.32,38762143,,2026-08-11 21:18:13,
NAS,QQQ,20241024,492.11,493.00,489.44,492.32,22024930,,2026-08-11 21:18:13,
NAS,QQQ,20241023,493.59,494.25,485.05,488.36,39346565,,2026-08-11 21:18:13,
NAS,QQQ,20241022,492.73,497.45,491.97,495.96,26685841,,2026-08-11 21:18:13,
NAS,QQQ,20241021,493.25,496.23,491.31,495.42,30336549,,2026-08-11 21:18:13,
NAS,QQQ,20241018,494.06,495.57,493.30,494.47,25335030,,2026-08-11 21:18:13,
NAS,QQQ,20241017,496.44,496.49,491.19,491.25,27210658,,2026-08-11 21:18:13,
NAS,QQQ,20241016,491.18,491.69,487.57,490.91,22996776,,2026-08-11 21:18:13,
NAS,QQQ,20241015,497.83,498.50,488.68,490.85,34784506,,2026-08-11 21:18:13,
NAS,QQQ,20241014,495.77,498.83,495.26,497.50,26060145,,2026-08-11 21:18:13,
NAS,QQQ,20241011,490.74,494.39,490.17,493.36,20644497,,2026-08-11 21:18:13,
NAS,QQQ,20241010,490.85,494.47,489.53,492.59,25750446,,2026-08-11 21:18:13,
NAS,QQQ,20241009,489.00,493.73,487.95,493.15,24994950,,2026-08-11 21:18:13,
NAS,QQQ,20241008,484.66,489.99,483.85,489.30,28272017,,2026-08-11 21:18:13,
NAS,QQQ,20241007,485.39,486.57,480.87,482.10,24975119,,2026-08-11 21:18:13,
NAS,QQQ,20241004,487.45,487.88,482.39,487.32,30744909,,2026-08-11 21:18:13,
NAS,QQQ,20241003,479.74,484.55,478.99,481.59,25337220,,2026-08-11 21:18:13,
NAS,QQQ,20241002,480.36,483.88,477.72,481.95,23744049,,2026-08-11 21:18:13,
NAS,QQQ,20241001,487.70,488.00,477.40,481.27,42735424,,2026-08-11 21:18:13,
NAS,QQQ,20240930,485.78,488.41,482.92,488.07,30330605,,2026-08-11 21:18:13,
NAS,QQQ,20240927,490.50,490.64,485.56,486.75,22851120,,2026-08-11 21:18:13,
NAS,QQQ,20240926,493.37,493.70,485.80,489.47,32020206,,2026-08-11 21:18:13,
NAS,QQQ,20240925,484.74,487.79,484.56,485.82,26549866,,2026-08-11 21:18:13,
NAS,QQQ,20240924,484.46,486.33,480.17,485.37,25952637,,2026-08-11 21:18:13,
NAS,QQQ,20240923,482.95,484.14,481.60,483.04,24842972,,2026-08-11 21:18:13,
NAS,QQQ,20240920,482.49,483.69,478.30,482.44,34577663,,2026-08-11 21:18:13,
NAS,QQQ,20240919,482.61,486.23,480.49,483.36,52782523,,2026-08-11 21:18:13,
NAS,QQQ,20240918,474.70,478.83,470.83,471.44,39909215,,2026-08-11 21:18:13,
NAS,QQQ,20240917,476.29,477.60,470.97,473.49,30084438,,2026-08-11 21:18:13,
NAS,QQQ,20240916,473.19,473.86,469.89,473.24,22585596,,2026-08-11 21:18:13,
NAS,QQQ,20240913,472.48,476.53,472.25,475.34,29111849,,2026-08-11 21:18:13,
NAS,QQQ,20240912,468.65,474.04,466.85,473.22,40175456,,2026-08-11 21:18:13,
NAS,QQQ,20240911,459.91,469.37,451.28,468.62,57842992,,2026-08-11 21:18:13,
NAS,QQQ,20240910,456.24,459.17,452.23,458.66,29680319,,2026-08-11 21:18:13,
NAS,QQQ,20240909,453.06,455.46,449.82,454.46,32981169,,2026-08-11 21:18:13,
NAS,QQQ,20240906,460.33,461.22,448.19,448.69,50624385,,2026-08-11 21:18:13,
NAS,QQQ,20240905,458.97,465.36,457.94,461.04,34452385,,2026-08-11 21:18:13,
NAS,QQQ,20240904,458.67,464.45,457.73,460.61,32505102,,2026-08-11 21:18:13,
NAS,QQQ,20240903,473.20,473.33,459.41,461.81,44985219,,2026-08-11 21:18:13,
NAS,QQQ,20240830,475.04,476.90,470.51,476.27,33466473,,2026-08-11 21:18:13,
NAS,QQQ,20240829,473.28,477.93,469.37,470.66,41081465,,2026-08-11 21:18:13,
NAS,QQQ,20240828,476.29,477.02,467.89,471.35,37372436,,2026-08-11 21:18:13,
NAS,QQQ,20240827,473.69,477.84,471.71,476.76,27510003,,2026-08-11 21:18:13,
NAS,QQQ,20240826,479.45,480.38,473.24,475.34,27452641,,2026-08-11 21:18:13,
NAS,QQQ,20240823,479.24,482.74,475.28,480.00,36061508,,2026-08-11 21:18:13,
NAS,QQQ,20240822,484.84,485.54,473.81,474.85,37739576,,2026-08-11 21:18:13,
NAS,QQQ,20240821,481.05,484.37,479.32,482.50,25658787,,2026-08-11 21:18:13,
NAS,QQQ,20240820,480.35,482.94,478.55,480.26,29209340,,2026-08-11 21:18:13,
NAS,QQQ,20240819,475.17,481.31,473.37,481.27,23737674,,2026-08-11 21:18:13,
NAS,QQQ,20240816,472.62,476.41,471.65,475.03,38383623,,2026-08-11 21:18:13,
NAS,QQQ,20240815,468.76,474.82,468.38,474.42,38280565,,2026-08-11 21:18:13,
NAS,QQQ,20240814,463.51,465.11,458.40,462.73,34733746,,2026-08-11 21:18:13,
NAS,QQQ,20240813,455.82,462.85,455.68,462.58,40084457,,2026-08-11 21:18:13,
NAS,QQQ,20240812,451.39,454.37,448.55,451.38,27795006,,2026-08-11 21:18:13,
NAS,QQQ,20240809,446.74,452.06,445.61,450.41,33573976,,2026-08-11 21:18:13,
NAS,QQQ,20240808,441.06,448.99,437.15,448.07,47890071,,2026-08-11 21:18:13,
NAS,QQQ,20240807,446.49,449.00,434.37,434.77,54929163,,2026-08-11 21:18:13,
NAS,QQQ,20240806,437.23,447.07,434.56,439.53,63164429,,2026-08-11 21:18:13,
NAS,QQQ,20240805,424.71,442.29,423.45,435.37,87483452,,2026-08-11 21:18:13,
NAS,QQQ,20240802,450.89,453.57,444.47,448.75,66323244,,2026-08-11 21:18:13,
NAS,QQQ,20240606,464.22,464.54,462.19,463.37,21966820,,2026-08-11 21:18:13,
NAS,QQQ,20240605,457.98,463.61,454.41,463.53,33817409,,2026-08-11 21:18:13,
NAS,QQQ,20240604,452.87,455.58,451.13,454.37,23767436,,2026-08-11 21:18:13,
NAS,QQQ,20240603,454.57,455.58,447.90,453.13,32997467,,2026-08-11 21:18:13,
NAS,QQQ,20240531,451.78,452.48,443.06,450.71,55941301,,2026-08-11 21:18:13,
NAS,QQQ,20240530,455.50,455.64,450.21,451.55,30714121,,2026-08-11 21:18:13,
NAS,QQQ,20240529,455.48,458.24,455.34,456.44,29739238,,2026-08-11 21:18:13,
NAS,QQQ,20240528,459.18,459.74,456.69,459.68,26216815,,2026-08-11 21:18:13,
NAS,QQQ,20240524,455.29,459.23,453.57,457.95,29669461,,2026-08-11 21:18:13,
NAS,QQQ,20240523,460.55,460.58,451.85,453.66,40899230,,2026-08-11 21:18:13,
NAS,QQQ,20240522,456.06,456.82,453.08,455.71,25120040,,2026-08-11 21:18:13,
NAS,QQQ,20240521,453.04,455.99,452.84,455.80,23167720,,2026-08-11 21:18:13,
NAS,QQQ,20240520,451.98,455.58,451.79,454.91,24474226,,2026-08-11 21:18:13,
NAS,QQQ,20240517,452.11,452.72,449.54,451.76,35803719,,2026-08-11 21:18:13,
NAS,QQQ,20240516,452.71,454.69,451.81,451.98,34780412,,2026-08-11 21:18:13,
NAS,QQQ,20240515,448.43,453.15,446.90,452.90,41464651,,2026-08-11 21:18:13,
NAS,QQQ,20240514,442.65,446.47,442.46,445.93,34478321,,2026-08-11 21:18:13,
NAS,QQQ,20240513,443.99,444.09,441.65,443.08,22994192,,2026-08-11 21:18:13,
NAS,QQQ,20240510,442.54,444.31,440.50,442.06,27116566,,2026-08-11 21:18:13,
NAS,QQQ,20240509,440.33,441.60,438.46,441.02,24580121,,2026-08-11 21:18:13,
NAS,QQQ,20240508,437.67,441.48,437.55,440.06,24896723,,2026-08-11 21:18:13,
NAS,QQQ,20240507,440.70,441.97,439.58,440.32,30996094,,2026-08-11 21:18:13,
NAS,QQQ,20240506,437.30,440.34,436.52,440.25,30227200,,2026-08-11 21:18:13,
NAS,QQQ,20240503,434.44,436.48,432.62,435.48,48515252,,2026-08-11 21:18:13,
NAS,QQQ,20240502,425.30,427.81,420.63,426.90,36559007,,2026-08-11 21:18:13,
NAS,QQQ,20240501,423.15,430.14,420.66,421.52,52251707,,2026-08-11 21:18:13,
NAS,QQQ,20240430,431.15,432.56,424.51,424.59,43665934,,2026-08-11 21:18:13,
NAS,QQQ,20240429,433.13,433.76,429.98,432.75,30022161,,2026-08-11 21:18:13,
NAS,QQQ,20240426,427.62,432.55,426.92,431.00,41874907,,2026-08-11 21:18:13,
NAS,QQQ,20240425,419.24,425.32,418.14,424.45,57392169,,2026-08-11 21:18:13,
NAS,QQQ,20240424,428.20,429.73,424.20,426.51,48440305,,2026-08-11 21:18:13,
NAS,QQQ,20240423,420.77,426.28,418.87,425.07,44384741,,2026-08-11 21:18:13,
NAS,QQQ,20240422,417.31,421.18,413.94,418.82,47807663,,2026-08-11 21:18:13,
NAS,QQQ,20240419,422.22,422.75,413.07,414.65,75230990,,2026-08-11 21:18:13,
NAS,QQQ,20240418,426.49,428.24,422.83,423.41,46549363,,2026-08-11 21:18:13,
NAS,QQQ,20240417,433.10,433.12,424.90,425.84,56880536,,2026-08-11 21:18:13,
NAS,QQQ,20240416,430.90,433.76,429.70,431.10,47618961,,2026-08-11 21:18:13,
NAS,QQQ,20240415,442.06,442.15,430.21,431.06,63453622,,2026-08-11 21:18:13,
NAS,QQQ,20240412,441.10,442.24,436.88,438.27,53664995,,2026-08-11 21:18:13,
NAS,QQQ,20240411,440.26,446.33,437.96,445.37,45474550,,2026-08-11 21:18:13,
NAS,QQQ,20240410,437.00,439.24,436.28,438.37,61502191,,2026-08-11 21:18:13,
NAS,QQQ,20240409,442.96,443.24,437.44,442.23,39521568,,2026-08-11 21:18:13,
NAS,QQQ,20240408,441.41,442.50,439.20,440.60,28144944,,2026-08-11 21:18:13,
NAS,QQQ,20240405,436.78,443.17,435.96,440.47,54744634,,2026-08-11 21:18:13,
NAS,QQQ,20240404,446.33,446.95,435.11,435.34,57267660,,2026-08-11 21:18:13,
NAS,QQQ,20240403,438.96,444.00,438.95,442.10,39949750,,2026-08-11 21:18:13,
NAS,QQQ,20240402,440.08,441.43,438.03,441.11,44259665,,2026-08-11 21:18:13,
NAS,QQQ,20240401,444.97,447.53,443.02,444.95,38728951,,2026-08-11 21:18:13,
NAS,QQQ,20240328,444.78,445.64,443.65,444.01,36839641,,2026-08-11 21:18:13,
NAS,QQQ,20240327,446.44,446.54,441.93,444.83,41359240,,2026-08-11 21:18:13,
NAS,QQQ,20240326,446.30,447.23,443.09,443.32,34142043,,2026-08-11 21:18:13,
NAS,QQQ,20240325,443.55,446.26,442.54,444.76,27789154,,2026-08-11 21:18:13,
NAS,QQQ,20240322,445.35,447.49,444.49,446.38,28253899,,2026-08-11 21:18:13,
NAS,QQQ,20240321,448.88,449.34,445.67,445.87,39345652,,2026-08-11 21:18:13,
NAS,QQQ,20240320,439.78,444.11,438.06,443.77,43653490,,2026-08-11 21:18:13,
NAS,QQQ,20240319,435.45,438.98,433.33,438.57,43004105,,2026-08-11 21:18:13,
NAS,QQQ,20240318,438.73,441.04,437.24,437.48,47323802,,2026-08-11 21:18:13,
NAS,QQQ,20240315,436.07,438.87,432.74,433.92,73069824,,2026-08-11 21:18:13,
NAS,QQQ,20240314,441.50,442.03,436.39,439.14,52195208,,2026-08-11 21:18:13,
NAS,QQQ,20240313,442.65,442.67,439.12,440.25,37928691,,2026-08-11 21:18:13,
NAS,QQQ,20240312,439.73,444.02,436.46,443.66,55300909,,2026-08-11 21:18:13,
NAS,QQQ,20240311,437.51,438.66,435.44,437.39,45859992,,2026-08-11 21:18:13,
NAS,QQQ,20240308,445.81,448.64,438.34,439.02,72095957,,2026-08-11 21:18:13,
NAS,QQQ,20240307,442.42,446.72,440.86,445.45,44526666,,2026-08-11 21:18:13,
NAS,QQQ,20240306,440.32,441.99,436.89,438.79,46234460,,2026-08-11 21:18:13,
NAS,QQQ,20240305,440.94,440.95,433.65,436.05,57917135,,2026-08-11 21:18:13,
NAS,QQQ,20240304,445.61,446.04,443.77,444.02,34325687,,2026-08-11 21:18:13,
NAS,QQQ,20240301,439.90,446.58,439.84,445.61,43853029,,2026-08-11 21:18:13,
NAS,QQQ,20240229,438.23,440.09,435.02,439.00,42495152,,2026-08-11 21:18:13,
NAS,QQQ,20240228,435.43,436.67,434.30,435.27,32938821,,2026-08-11 21:18:13,
NAS,QQQ,20240227,437.67,437.99,435.03,437.60,33713220,,2026-08-11 21:18:13,2026-08-11 21:18:13
NAS,QQQ,20240226,437.60,438.60,436.36,436.55,33043238,,2026-08-11 21:18:13,2026-08-11 21:18:13
NAS,QQQ,20240223,439.65,440.59,435.79,436.78,39853861,,2026-08-11 21:18:13,2026-08-11 21:18:13
NAS,QQQ,20240222,434.49,439.12,433.71,438.07,53887751,,2026-08-11 21:18:13,2026-08-11 21:18:13
NAS,QQQ,20240221,424.55,425.70,421.63,425.61,50179697,,2026-08-11 21:18:13,2026-08-11 21:18:13
NAS,QQQ,20240220,428.55,430.08,423.50,427.32,53999452,,2026-08-11 21:18:13,2026-08-11 21:18:13
NAS,QQQ,20240216,434.89,434.99,429.85,430.57,53716475,,2026-08-11 21:18:13,2026-08-11 21:18:13
NAS,QQQ,20240215,433.92,434.98,431.33,434.51,38796137,,2026-08-11 21:18:13,2026-08-11 21:18:13
NAS,QQQ,20240214,431.26,433.65,428.88,433.22,45092722,,2026-08-11 21:18:13,2026-08-11 21:18:13
NAS,QQQ,20240213,427.28,431.27,425.33,428.55,64491669,,2026-08-11 21:18:13,2026-08-11 21:18:13
NAS,QQQ,20240212,436.94,439.14,434.65,435.34,33203305,,2026-08-11 21:18:13,2026-08-11 21:18:13
NAS,QQQ,20240209,433.94,437.85,433.14,437.05,36943905,,2026-08-11 21:18:13,2026-08-11 21:18:13
NAS,QQQ,20240208,432.11,433.56,431.42,432.79,29889892,,2026-08-11 21:18:13,2026-08-11 21:18:13
NAS,QQQ,20240207,430.41,432.83,429.09,431.99,37712661,,2026-08-11 21:18:13,2026-08-11 21:18:13
NAS,QQQ,20240206,429.61,430.22,425.22,427.59,35846134,,2026-08-11 21:18:13,2026-08-11 21:18:13
NAS,QQQ,20240205,429.07,429.61,425.00,428.45,39889209,,2026-08-11 21:18:13,2026-08-11 21:18:13
NAS,QQQ,20240202,423.80,430.24,422.79,429.01,59602435,,2026-08-11 21:18:13,2026-08-11 21:18:13
NAS,QQQ,20240201,418.79,422.38,417.81,421.88,51008622,,2026-08-11 21:18:13,2026-08-11 21:18:13
NAS,QQQ,20240131,420.85,422.87,416.79,416.97,64010649,,2026-08-11 21:18:13,2026-08-11 21:18:13
NAS,QQQ,20240130,427.10,427.68,424.38,425.30,36738956,,2026-08-11 21:18:13,2026-08-11 21:18:13
NAS,QQQ,20240129,424.27,428.35,423.61,428.15,38694724,,2026-08-11 21:18:13,2026-08-11 21:18:13
NAS,QQQ,20240126,424.44,426.21,423.15,423.81,37137028,,2026-08-11 21:18:13,2026-08-11 21:18:13
NAS,QQQ,20240125,428.36,429.04,423.98,426.35,44367205,,2026-08-11 21:18:13,2026-08-11 21:18:13
NAS,QQQ,20240124,427.44,429.85,425.33,425.83,46948016,,2026-08-11 21:18:13,2026-08-11 21:18:13
NAS,QQQ,20240123,422.43,423.70,420.57,423.48,33003806,,2026-08-11 21:18:13,2026-08-11 21:18:13
NAS,QQQ,20240122,423.41,424.73,421.12,421.73,44880639,,2026-08-11 21:18:13,2026-08-11 21:18:13
NAS,QQQ,20240119,415.22,421.34,414.63,421.18,70325123,,2026-08-11 21:18:13,2026-08-11 21:18:13
NAS,QQQ,20240118,410.52,413.58,409.16,412.99,59562505,,2026-08-11 21:18:13,2026-08-11 21:18:13
NAS,QQQ,20240117,406.17,407.59,402.92,407.21,54385974,,2026-08-11 21:18:13,2026-08-11 21:18:13
NAS,QQQ,20240116,408.31,411.12,406.83,409.52,43903027,,2026-08-11 21:18:13,2026-08-11 21:18:13
NAS,QQQ,20240112,410.40,411.25,408.15,409.56,39594952,,2026-08-11 21:18:13,
NAS,QQQ,20240111,409.79,411.20,404.24,409.35,54536198,,2026-08-11 21:18:13,
NAS,QQQ,20240110,406.07,409.52,405.17,408.50,33962774,,2026-08-11 21:18:13,
NAS,QQQ,20240109,401.91,406.69,401.71,405.75,39132860,,2026-08-11 21:18:13,
NAS,QQQ,20240108,397.99,405.24,397.84,404.95,42473796,,2026-08-11 21:18:13,
NAS,QQQ,20240105,396.45,399.56,395.34,396.75,44922810,,2026-08-11 21:18:13,
NAS,QQQ,20240104,396.44,399.59,396.06,396.28,39432797,,2026-08-11 21:18:13,
NAS,QQQ,20240103,399.93,401.00,397.89,398.33,47002803,,2026-08-11 21:18:13,
NAS,QQQ,20240102,405.84,406.09,400.24,402.59,58026946,,2026-08-11 21:18:13,
NAS,QQQ,20231229,411.28,411.64,407.58,409.52,42662120,,2026-08-11 21:18:13,
NAS,QQQ,20231228,412.67,412.92,410.94,411.30,27029152,,2026-08-11 21:18:13,
NAS,QQQ,20231227,410.95,411.79,410.08,411.50,31980481,,2026-08-11 21:18:13,
NAS,QQQ,20231226,409.25,411.56,409.15,410.88,22722545,,2026-08-11 21:18:13,
NAS,QQQ,20231222,409.00,409.97,406.48,408.38,34314003,,2026-08-11 21:18:13,
NAS,QQQ,20231221,407.06,408.14,404.47,407.77,45568914,,2026-08-11 21:18:13,
NAS,QQQ,20231220,408.35,410.47,402.90,403.08,54042443,,2026-08-11 21:18:13,
NAS,QQQ,20231219,407.54,409.28,407.35,409.16,35711855,,2026-08-11 21:18:13,
NAS,QQQ,20231218,404.93,407.99,404.60,407.08,46609985,,2026-08-11 21:18:13,
NAS,QQQ,20231215,404.18,406.54,403.57,405.34,62896645,,2026-08-11 21:18:13,
NAS,QQQ,20231214,404.98,406.30,400.34,403.39,55447808,,2026-08-11 21:18:13,
NAS,QQQ,20231213,399.62,404.36,398.84,403.74,55408129,,2026-08-11 21:18:13,
NAS,QQQ,20231212,395.56,398.79,394.41,398.67,39221152,,2026-08-11 21:18:13,
NAS,QQQ,20231211,391.74,395.79,391.53,395.52,41198021,,2026-08-11 21:18:13,
NAS,QQQ,20231208,388.67,392.62,388.48,392.17,46687525,,2026-08-11 21:18:13,
NAS,QQQ,20231207,388.07,391.27,386.96,390.43,49593545,,2026-08-11 21:18:13,
NAS,QQQ,20231206,390.27,390.37,384.70,385.05,41994072,,2026-08-11 21:18:13,
NAS,QQQ,20231205,384.39,388.50,384.21,387.29,42932956,,2026-08-11 21:18:13,
NAS,QQQ,20231204,386.09,386.60,382.66,386.32,51186944,,2026-08-11 21:18:13,
NAS,QQQ,20231201,387.75,390.54,386.07,389.94,40490068,,2026-08-11 21:18:13,
NAS,QQQ,20231130,390.08,390.55,385.82,388.83,52834381,,2026-08-11 21:18:13,
NAS,QQQ,20231129,392.69,394.14,389.46,389.81,38811745,,2026-08-11 21:18:13,
NAS,QQQ,20231128,388.41,390.78,388.05,390.19,35491123,,2026-08-11 21:18:13,
NAS,QQQ,20231127,389.01,391.15,388.28,389.17,34139656,,2026-08-11 21:18:13,
NAS,QQQ,20231124,389.65,390.25,388.50,389.51,15718832,,2026-08-11 21:18:13,
NAS,QQQ,20231122,390.57,393.07,389.04,390.06,44178572,,2026-08-11 21:18:13,
NAS,QQQ,20231121,389.01,389.23,386.70,388.47,43336989,,2026-08-11 21:18:13,
NAS,QQQ,20231120,386.05,391.41,386.05,390.74,44536669,,2026-08-11 21:18:13,
NAS,QQQ,20231117,385.21,387.07,384.29,386.04,46622745,,2026-08-11 21:18:13,2026-08-11 21:18:13
NAS,QQQ,20231116,384.84,386.19,383.56,385.95,45343544,,2026-08-11 21:18:13,2026-08-11 21:18:13
NAS,QQQ,20231115,387.25,387.75,384.24,385.62,54141385,,2026-08-11 21:18:13,2026-08-11 21:18:13
NAS,QQQ,20231114,383.71,386.26,383.18,385.33,67792634,,2026-08-11 21:18:13,2026-08-11 21:18:13
NAS,QQQ,20231113,376.79,378.28,375.24,377.21,40733505,,2026-08-11 21:18:13,2026-08-11 21:18:13
NAS,QQQ,20231110,371.82,378.54,371.28,378.39,58368439,,2026-08-11 21:18:13,2026-08-11 21:18:13
NAS,QQQ,20231109,373.64,374.80,369.57,370.07,53859421,,2026-08-11 21:18:13,2026-08-11 21:18:13
NAS,QQQ,20231108,373.08,373.79,370.62,372.94,35663373,,2026-08-11 21:18:13,2026-08-11 21:18:13
NAS,QQQ,20231107,370.27,373.58,369.05,372.70,50777398,,2026-08-11 21:18:13,2026-08-11 21:18:13
NAS,QQQ,20231106,368.49,369.78,366.91,369.21,38848743,,2026-08-11 21:18:13,2026-08-11 21:18:13
NAS,QQQ,20231103,364.75,369.02,364.52,367.71,53280457,,2026-08-11 21:18:13,2026-08-11 21:18:13
NAS,QQQ,20231102,361.54,363.68,360.30,363.44,58162442,,2026-08-11 21:18:13,2026-08-11 21:18:13
NAS,QQQ,20231101,351.72,357.53,351.62,356.96,58992666,,2026-08-11 21:18:13,2026-08-11 21:18:13
NAS,QQQ,20231031,349.23,351.25,346.62,350.87,47671906,,2026-08-11 21:18:13,2026-08-11 21:18:13
NAS,QQQ,20231030,347.83,350.54,346.45,349.20,55298536,,2026-08-11 21:18:13,2026-08-11 21:18:13
NAS,QQQ,20231027,346.43,348.84,344.08,345.31,63476707,,2026-08-11 21:18:13,2026-08-11 21:18:13
NAS,QQQ,20231026,349.12,350.07,342.35,343.66,78621425,,2026-08-11 21:18:13,2026-08-11 21:18:13
NAS,QQQ,20231025,356.70,356.88,349.75,350.34,71190536,,2026-08-11 21:18:13,2026-08-11 21:18:13
NAS,QQQ,20231024,357.51,359.91,355.79,359.13,47082078,,2026-08-11 21:18:13,2026-08-11 21:18:13
NAS,QQQ,20231023,353.26,359.26,351.12,355.67,60665185,,2026-08-11 21:18:13,2026-08-11 21:18:13
NAS,QQQ,20231020,359.46,360.04,354.37,354.60,72559723,,2026-08-11 21:18:13,2026-08-11 21:18:13
NAS,QQQ,20231019,364.81,366.02,359.16,359.97,72274238,,2026-08-11 21:18:13,2026-08-11 21:18:13
NAS,QQQ,20231018,365.67,367.91,362.02,363.37,54280490,,2026-08-11 21:18:13,2026-08-11 21:18:13
NAS,QQQ,20231017,365.81,369.92,363.66,368.20,50999102,,2026-08-11 21:18:13,2026-08-11 21:18:13
NAS,QQQ,20231016,366.62,370.48,366.47,369.41,44201059,,2026-08-11 21:18:13,2026-08-11 21:18:13
NAS,QQQ,20231013,370.57,371.16,363.86,365.28,52519876,,2026-08-11 21:18:13,2026-08-11 21:18:13
NAS,QQQ,20231012,371.73,373.74,367.50,369.93,49587942,,2026-08-11 21:18:13,2026-08-11 21:18:13
NAS,QQQ,20231011,369.94,371.41,368.19,371.22,38215088,,2026-08-11 21:18:13,2026-08-11 21:18:13
NAS,QQQ,20231010,366.90,371.28,366.39,368.59,46968806,,2026-08-11 21:18:13,2026-08-11 21:18:13
NAS,QQQ,20231009,362.30,367.11,360.78,366.56,45304766,,2026-08-11 21:18:13,2026-08-11 21:18:13
NAS,QQQ,20231006,355.65,365.91,354.85,364.70,75049119,,2026-08-11 21:18:13,2026-08-11 21:18:13
NAS,QQQ,20231005,359.74,360.15,355.14,358.69,45897390,,2026-08-11 21:18:13,2026-08-11 21:18:13
NAS,QQQ,20231004,355.77,360.61,355.30,359.75,54786686,,2026-08-11 21:18:13,2026-08-11 21:18:13
NAS,QQQ,20231003,358.78,361.01,353.28,354.92,60478489,,2026-08-11 21:18:13,
NAS,QQQ,20231002,358.54,362.68,357.92,361.26,51625054,,2026-08-11 21:18:13,
NAS,QQQ,20230929,361.54,362.95,357.02,358.27,64829616,,2026-08-11 21:18:13,
NAS,QQQ,20230928,354.11,360.17,353.24,358.01,56453312,,2026-08-11 21:18:13,
NAS,QQQ,20230927,355.38,356.98,351.36,355.04,56065972,,2026-08-11 21:18:13,
NAS,QQQ,20230926,356.99,357.54,353.21,354.21,53657748,,2026-08-11 21:18:13,
NAS,QQQ,20230925,356.93,359.70,355.93,359.61,39167985,,2026-08-11 21:18:13,
NAS,QQQ,20230922,359.63,361.80,357.59,357.91,51589689,,2026-08-11 21:18:13,
NAS,QQQ,20230921,360.80,361.60,357.69,357.86,69734845,,2026-08-11 21:18:13,
NAS,QQQ,20230920,370.95,371.31,364.46,364.54,45514189,,2026-08-11 21:18:13,
NAS,QQQ,20230919,369.32,370.68,366.80,369.87,37621734,,2026-08-11 21:18:13,
NAS,QQQ,20230918,369.32,371.79,369.03,370.66,36903545,,2026-08-11 21:18:13,
NAS,QQQ,20230915,375.91,376.32,369.86,370.81,69811206,,2026-08-11 21:18:13,
NAS,QQQ,20230914,375.99,378.27,373.89,377.27,48039388,,2026-08-11 21:18:13,
NAS,QQQ,20230913,373.03,375.84,371.88,374.21,46300677,,2026-08-11 21:18:13,
NAS,QQQ,20230912,375.27,376.95,372.50,372.79,41391024,,2026-08-11 21:18:13,
NAS,QQQ,20230911,375.66,377.49,373.66,376.97,39936634,,2026-08-11 21:18:13,
NAS,QQQ,20230908,372.01,374.85,371.60,372.58,35847359,,2026-08-11 21:18:13,
NAS,QQQ,20230907,370.21,372.85,369.15,372.06,52060716,,2026-08-11 21:18:13,
NAS,QQQ,20230906,377.28,377.63,372.70,374.74,42998735,,2026-08-11 21:18:13,
NAS,QQQ,20230905,376.77,379.31,375.83,378.07,32344222,,2026-08-11 21:18:13,
NAS,QQQ,20230901,380.40,380.83,376.08,377.59,39801177,,2026-08-11 21:18:13,
NAS,QQQ,20230831,376.94,379.72,376.87,377.99,35730701,,2026-08-11 21:18:13,
NAS,QQQ,20230830,374.88,377.45,373.86,376.86,41731511,,2026-08-11 21:18:13,
NAS,QQQ,20230829,366.56,375.13,366.23,374.77,58492371,,2026-08-11 21:18:13,
NAS,QQQ,20230828,366.99,367.71,364.25,366.76,40910019,,2026-08-11 21:18:13,
NAS,QQQ,20230825,362.07,365.74,358.58,364.02,69960465,,2026-08-11 21:18:13,
NAS,QQQ,20230824,372.64,372.74,361.01,361.22,66842491,,2026-08-11 21:18:13,
NAS,QQQ,20230823,364.58,370.22,364.36,369.11,51770603,,2026-08-11 21:18:13,
NAS,QQQ,20230822,366.55,366.56,362.68,363.38,44613509,,2026-08-11 21:18:13,
NAS,QQQ,20230821,359.62,364.59,359.15,363.90,50696518,,2026-08-11 21:18:13,
NAS,QQQ,20230818,355.26,359.41,354.71,358.13,61191389,,2026-08-11 21:18:13,
NAS,QQQ,20230817,363.96,364.31,358.16,358.58,62604338,,2026-08-11 21:18:13,
NAS,QQQ,20230816,365.87,367.43,362.44,362.54,53190525,,2026-08-11 21:18:13,
NAS,QQQ,20230815,369.36,370.17,365.74,366.42,45539891,,2026-08-11 21:18:13,
NAS,QQQ,20230814,365.43,370.47,364.70,370.35,42130802,,2026-08-11 21:18:13,
NAS,QQQ,20230811,365.99,368.00,364.69,366.24,48707187,,2026-08-11 21:18:13,
NAS,QQQ,20230810,370.97,374.36,367.04,368.59,72035265,,2026-08-11 21:18:13,
NAS,QQQ,20230809,372.29,372.45,367.14,367.91,51150900,,2026-08-11 21:18:13,
NAS,QQQ,20230808,372.64,372.66,368.82,372.00,44726453,,2026-08-11 21:18:13,
NAS,QQQ,20230807,373.88,375.29,371.51,375.19,37230444,,2026-08-11 21:18:13,
NAS,QQQ,20230804,375.75,378.10,371.53,372.04,61702759,,2026-08-11 21:18:13,
NAS,QQQ,20230803,371.94,375.95,371.77,373.79,47855381,,2026-08-11 21:18:13,
NAS,QQQ,20230802,379.26,379.26,373.13,374.39,72687107,,2026-08-11 21:18:13,
NAS,QQQ,20230801,382.31,383.56,380.69,382.79,41308457,,2026-08-11 21:18:13,
NAS,QQQ,20230731,383.79,384.88,382.34,383.68,44019905,,2026-08-11 21:18:13,
NAS,QQQ,20230728,380.74,384.52,380.22,383.48,56902926,,2026-08-11 21:18:13,
NAS,QQQ,20230727,383.07,384.71,375.31,376.62,63940225,,2026-08-11 21:18:13,
NAS,QQQ,20230726,377.72,379.24,375.18,377.52,47075710,,2026-08-11 21:18:13,
NAS,QQQ,20230725,376.95,380.47,376.93,378.78,38894384,,2026-08-11 21:18:13,
NAS,QQQ,20230724,376.62,377.58,374.34,376.23,40380056,,2026-08-11 21:18:13,
NAS,QQQ,20230721,379.18,379.92,375.19,375.63,60499643,,2026-08-11 21:18:13,
NAS,QQQ,20230720,382.61,384.10,375.72,376.76,71941674,,2026-08-11 21:18:13,
NAS,QQQ,20230719,386.82,387.98,384.30,385.65,54092958,,2026-08-11 21:18:13,
NAS,QQQ,20230718,381.96,387.13,380.00,385.74,55343438,,2026-08-11 21:18:13,
NAS,QQQ,20230717,379.80,383.50,379.31,382.61,40868915,,2026-08-11 21:18:13,
NAS,QQQ,20230714,379.59,382.86,378.18,379.07,55148500,,2026-08-11 21:18:13,
NAS,QQQ,20230713,376.05,379.99,375.46,379.15,46960012,,2026-08-11 21:18:13,
NAS,QQQ,20230712,372.34,374.19,370.30,372.82,61703696,,2026-08-11 21:18:13,
NAS,QQQ,20230711,366.79,368.63,364.62,368.17,38214146,,2026-08-11 21:18:13,
NAS,QQQ,20230710,365.96,367.05,363.41,366.36,48498800,,2026-08-11 21:18:13,
NAS,QQQ,20230707,367.23,370.48,366.01,366.24,47133749,,2026-08-11 21:18:13,
NAS,QQQ,20230706,366.51,367.91,364.52,367.46,49374728,,2026-08-11 21:18:13,
NAS,QQQ,20230705,368.70,372.01,368.66,370.28,34460883,,2026-08-11 21:18:13,
NAS,QQQ,20230703,370.07,370.93,368.97,370.29,19432862,,2026-08-11 21:18:13,
NAS,QQQ,20230630,367.55,370.49,367.23,369.42,58712501,,2026-08-11 21:18:13,
NAS,QQQ,20230629,364.24,364.89,362.14,363.81,46150967,,2026-08-11 21:18:13,
