NYS,PATH,20260814,16.66,16.82,15.84,16.01,52115645,,2026-08-17 19:48:07,
NYS,PATH,20260813,15.30,16.74,14.86,16.68,104706177,,2026-08-17 19:48:07,
NYS,PATH,20260812,15.31,15.53,14.98,15.26,66647962,,2026-08-17 19:48:07,
NYS,PATH,20260811,15.50,16.04,15.40,15.72,66755549,,2026-08-17 19:48:07,
NYS,PATH,20260810,14.89,15.67,14.73,15.59,55283918,,2026-08-17 19:48:07,
NYS,PATH,20260807,14.22,15.10,14.16,15.05,62565541,,2026-08-17 19:48:07,
NYS,PATH,20260806,13.20,14.02,13.04,14.00,73533322,,2026-08-17 19:48:07,
NYS,PATH,20260805,14.19,14.32,13.77,13.82,91836742,,2026-08-17 19:48:07,
NYS,PATH,20260804,12.98,14.10,12.90,14.10,61988014,,2026-08-17 19:48:07,
NYS,PATH,20260803,13.05,13.22,12.81,13.05,40939124,,2026-08-17 19:48:07,
NYS,PATH,20260731,12.27,12.82,12.16,12.76,39871658,,2026-08-17 19:48:07,
NYS,PATH,20260730,12.20,12.43,11.66,12.37,66520713,,2026-08-17 19:48:07,
NYS,PATH,20260729,12.17,12.83,12.13,12.59,62574708,,2026-08-17 19:48:07,
NYS,PATH,20260728,11.63,12.24,11.43,12.19,46839039,,2026-08-17 19:48:07,
NYS,PATH,20260727,11.15,11.69,11.12,11.62,55700273,,2026-08-17 19:48:07,
NYS,PATH,20260724,10.27,10.99,10.27,10.84,66135104,,2026-08-17 19:48:07,
NYS,PATH,20260723,10.77,10.96,10.16,10.20,44707326,,2026-08-17 19:48:07,
NYS,PATH,20260722,12.02,12.02,10.38,10.70,106211186,,2026-08-17 19:48:07,
NYS,PATH,20260721,11.90,12.48,11.79,12.04,177037015,,2026-08-17 19:48:07,
NYS,PATH,20260720,11.94,12.55,11.71,12.16,170355900,,2026-08-17 19:48:07,
NYS,PATH,20260717,12.00,12.44,11.92,12.15,92455559,,2026-08-17 19:48:07,
NYS,PATH,20260716,12.05,12.16,11.42,12.03,97474835,,2026-08-17 19:48:07,
NYS,PATH,20260715,12.06,12.42,11.83,11.95,126663689,,2026-08-17 19:48:07,
NYS,PATH,20260714,11.31,12.11,11.18,11.94,85806763,,2026-08-17 19:48:07,
NYS,PATH,20260713,11.75,12.18,11.65,11.85,90847291,,2026-08-17 19:48:07,
NYS,PATH,20260710,12.12,12.23,11.51,11.68,78695436,,2026-08-17 19:48:07,
NYS,PATH,20260709,11.08,11.87,10.92,11.80,98167995,,2026-08-17 19:48:07,
NYS,PATH,20260708,11.38,11.55,11.25,11.42,58007127,,2026-08-17 19:48:07,
NYS,PATH,20260707,12.19,12.32,11.56,11.65,73354249,,2026-08-17 19:48:07,
NYS,PATH,20260706,11.45,12.27,11.35,11.83,69801978,,2026-08-17 19:48:07,
NYS,PATH,20260702,11.36,11.78,11.30,11.71,58403970,,2026-08-17 19:48:07,
NYS,PATH,20260701,11.12,11.92,11.08,11.55,65987327,,2026-08-17 19:48:07,
NYS,PATH,20260630,10.52,11.04,10.48,10.87,64745736,,2026-08-17 19:48:07,
NYS,PATH,20260629,10.85,10.95,10.55,10.68,50637238,,2026-08-17 19:48:07,
NYS,PATH,20260626,9.91,10.59,9.87,10.53,66302432,,2026-08-17 19:48:07,
NYS,PATH,20260625,10.11,10.32,9.91,9.93,50754856,,2026-08-17 19:48:07,
NYS,PATH,20260624,10.16,10.58,10.06,10.31,78960144,,2026-08-17 19:48:07,
NYS,PATH,20260623,10.27,10.43,10.11,10.16,50782424,,2026-08-17 19:48:07,
NYS,PATH,20260622,10.18,10.52,10.00,10.16,51866161,,2026-08-17 19:48:07,
NYS,PATH,20260618,10.20,10.36,9.88,10.27,45204618,,2026-08-17 19:48:07,
NYS,PATH,20260617,10.44,10.80,10.23,10.23,40515948,,2026-08-17 19:48:07,
NYS,PATH,20260616,10.72,10.85,10.37,10.52,33455479,,2026-08-17 19:48:07,
NYS,PATH,20260615,10.76,11.08,10.62,10.79,69999338,,2026-08-17 19:48:07,
NYS,PATH,20260612,10.62,10.70,10.07,10.55,40796703,,2026-08-17 19:48:07,
NYS,PATH,20260611,10.46,10.74,10.31,10.65,45402453,,2026-08-17 19:48:07,
NYS,PATH,20260610,10.59,10.98,10.33,10.75,47065262,,2026-08-17 19:48:07,
NYS,PATH,20260609,11.00,11.24,10.30,10.75,51919894,,2026-08-17 19:48:07,
NYS,PATH,20260608,11.20,11.25,10.90,11.17,38924832,,2026-08-17 19:48:07,
NYS,PATH,20260605,11.64,11.94,11.05,11.24,35568433,,2026-08-17 19:48:07,
NYS,PATH,20260604,11.91,12.14,11.43,11.67,43326108,,2026-08-17 19:48:07,
NYS,PATH,20260603,12.18,12.24,11.51,11.67,33872901,,2026-08-17 19:48:07,
NYS,PATH,20260602,12.44,12.77,11.78,12.18,60617126,,2026-08-17 19:48:07,
NYS,PATH,20260601,11.95,13.20,11.90,13.10,67981128,,2026-08-17 19:48:07,
NYS,PATH,20260529,10.70,12.02,10.42,11.72,65006360,,2026-08-17 19:48:07,
NYS,PATH,20260528,11.42,12.09,11.23,11.58,85009731,,2026-08-17 19:48:07,
NYS,PATH,20260527,11.09,11.46,10.98,11.16,41505882,,2026-08-17 19:48:07,
NYS,PATH,20260526,10.96,11.40,10.73,11.09,51375585,,2026-08-17 19:48:07,
NYS,PATH,20260522,10.70,11.11,10.67,10.93,39347026,,2026-08-17 19:48:07,
NYS,PATH,20260521,10.57,10.62,10.26,10.57,37144245,,2026-08-17 19:48:07,
NYS,PATH,20260520,10.38,10.78,10.10,10.77,33096711,,2026-08-17 19:48:07,
NYS,PATH,20260519,10.96,11.30,10.42,10.55,42360466,,2026-08-17 19:48:07,
NYS,PATH,20260518,10.11,10.85,10.05,10.64,28222032,,2026-08-17 19:48:07,
NYS,PATH,20260515,9.65,10.48,9.64,10.27,47173272,,2026-08-17 19:48:07,
NYS,PATH,20260514,9.44,9.83,9.20,9.67,28532958,,2026-08-17 19:48:07,
NYS,PATH,20260513,10.01,10.01,9.32,9.47,43274590,,2026-08-17 19:48:07,
NYS,PATH,20260512,10.65,10.68,9.99,10.01,30618104,,2026-08-17 19:48:07,2026-08-17 19:48:07
NYS,PATH,20260511,10.72,10.95,10.61,10.66,36951646,,2026-08-17 19:48:07,2026-08-17 19:48:07
NYS,PATH,20260508,10.82,10.84,10.32,10.79,24799510,,2026-08-17 19:48:07,2026-08-17 19:48:07
NYS,PATH,20260507,10.79,11.10,10.79,10.93,33927411,,2026-08-17 19:48:07,2026-08-17 19:48:07
NYS,PATH,20260506,10.58,10.64,10.22,10.50,31815569,,2026-08-17 19:48:07,2026-08-17 19:48:07
NYS,PATH,20260505,10.88,10.88,10.42,10.70,29376367,,2026-08-17 19:48:07,2026-08-17 19:48:07
NYS,PATH,20260504,10.68,11.06,10.63,10.83,30757417,,2026-08-17 19:48:07,2026-08-17 19:48:07
NYS,PATH,20260501,10.63,10.92,10.28,10.67,38241098,,2026-08-17 19:48:07,2026-08-17 19:48:07
NYS,PATH,20260430,10.31,10.37,10.04,10.30,19005583,,2026-08-17 19:48:07,2026-08-17 19:48:07
NYS,PATH,20260429,10.40,10.54,10.19,10.38,17059707,,2026-08-17 19:48:07,2026-08-17 19:48:07
NYS,PATH,20260428,10.54,10.99,10.45,10.56,22075495,,2026-08-17 19:48:07,2026-08-17 19:48:07
NYS,PATH,20260427,10.38,10.59,10.24,10.46,25467028,,2026-08-17 19:48:07,2026-08-17 19:48:07
NYS,PATH,20260424,10.16,10.37,9.88,10.37,21517413,,2026-08-17 19:48:07,2026-08-17 19:48:07
NYS,PATH,20260423,10.50,10.50,9.90,10.09,34095753,,2026-08-17 19:48:07,2026-08-17 19:48:07
NYS,PATH,20260422,10.75,11.02,10.62,10.89,20120921,,2026-08-17 19:48:07,2026-08-17 19:48:07
NYS,PATH,20260421,10.68,11.27,10.58,10.78,25716843,,2026-08-17 19:48:07,2026-08-17 19:48:07
NYS,PATH,20260420,10.38,10.72,10.33,10.56,12701442,,2026-08-17 19:48:07,2026-08-17 19:48:07
NYS,PATH,20260417,10.88,10.94,10.22,10.41,23880210,,2026-08-17 19:48:07,2026-08-17 19:48:07
NYS,PATH,20260416,10.88,11.06,10.57,10.61,23380754,,2026-08-17 19:48:07,2026-08-17 19:48:07
NYS,PATH,20260415,10.20,10.64,10.03,10.61,24469867,,2026-08-17 19:48:07,2026-08-17 19:48:07
NYS,PATH,20260414,10.30,10.42,9.91,10.02,23794955,,2026-08-17 19:48:07,2026-08-17 19:48:07
NYS,PATH,20260413,9.37,10.12,9.35,10.12,30942915,,2026-08-17 19:48:07,2026-08-17 19:48:07
NYS,PATH,20260410,9.91,9.94,9.28,9.38,29335315,,2026-08-17 19:48:07,2026-08-17 19:48:07
NYS,PATH,20260409,10.32,10.41,9.73,9.94,33751124,,2026-08-17 19:48:07,2026-08-17 19:48:07
NYS,PATH,20260408,11.32,11.35,10.32,10.39,23468724,,2026-08-17 19:48:07,2026-08-17 19:48:07
NYS,PATH,20260407,11.14,11.37,10.93,10.95,24161975,,2026-08-17 19:48:07,2026-08-17 19:48:07
NYS,PATH,20260406,11.28,11.42,11.02,11.15,14977282,,2026-08-17 19:48:07,2026-08-17 19:48:07
NYS,PATH,20260402,10.96,11.26,10.66,11.24,13769359,,2026-08-17 19:48:07,2026-08-17 19:48:07
NYS,PATH,20260401,11.28,11.35,10.79,11.02,15737487,,2026-08-17 19:48:07,2026-08-17 19:48:07
NYS,PATH,20260331,11.00,11.18,10.91,11.10,13944277,,2026-08-17 19:48:07,2026-08-17 19:48:07
NYS,PATH,20260330,10.78,11.19,10.73,10.87,19299462,,2026-08-17 19:48:07,2026-08-17 19:48:07
NYS,PATH,20260327,10.90,11.00,10.52,10.69,19769361,,2026-08-17 19:48:07,2026-08-17 19:48:07
NYS,PATH,20260326,10.89,11.19,10.79,11.04,17625828,,2026-08-17 19:48:07,2026-08-17 19:48:07
NYS,PATH,20260325,11.16,11.37,10.71,10.93,18305759,,2026-08-17 19:48:07,2026-08-17 19:48:07
NYS,PATH,20260324,11.99,11.99,10.91,11.07,30510482,,2026-08-17 19:48:07,2026-08-17 19:48:07
NYS,PATH,20260323,12.05,12.26,11.78,12.13,17602067,,2026-08-17 19:48:07,
NYS,PATH,20260320,12.08,12.51,11.74,12.06,27384323,,2026-08-17 19:48:07,
NYS,PATH,20260319,12.46,12.76,12.03,12.24,23095733,,2026-08-17 19:48:07,
NYS,PATH,20260318,11.84,12.65,11.73,12.45,31844906,,2026-08-17 19:48:07,
NYS,PATH,20260317,11.61,12.09,11.56,11.98,32634361,,2026-08-17 19:48:07,
NYS,PATH,20260316,11.57,11.88,11.47,11.57,39007094,,2026-08-17 19:48:07,
NYS,PATH,20260313,11.50,12.16,11.37,11.58,49122542,,2026-08-17 19:48:07,
NYS,PATH,20260312,10.95,11.98,10.70,11.37,91586937,,2026-08-17 19:48:07,
NYS,PATH,20260311,12.00,12.42,11.65,12.38,120193315,,2026-08-17 19:48:07,
NYS,PATH,20260310,12.02,12.04,11.36,11.59,50201098,,2026-08-17 19:48:07,
NYS,PATH,20260309,11.78,12.00,11.62,11.97,50166649,,2026-08-17 19:48:07,
NYS,PATH,20260306,11.36,11.90,11.24,11.86,39618745,,2026-08-17 19:48:07,
NYS,PATH,20260305,11.07,11.80,11.07,11.55,33237716,,2026-08-17 19:48:07,
NYS,PATH,20260304,11.00,11.30,10.93,11.07,35665811,,2026-08-17 19:48:07,
NYS,PATH,20260303,10.45,11.28,10.24,11.04,37679240,,2026-08-17 19:48:07,
NYS,PATH,20260302,10.41,10.86,10.31,10.70,31362932,,2026-08-17 19:48:07,
NYS,PATH,20260227,10.45,10.83,10.17,10.73,50361729,,2026-08-17 19:48:07,
NYS,PATH,20260226,10.19,10.78,10.10,10.71,51832800,,2026-08-17 19:48:07,
NYS,PATH,20260225,10.16,10.17,9.47,9.94,52682462,,2026-08-17 19:48:07,
NYS,PATH,20260224,10.12,10.43,9.92,10.10,32097373,,2026-08-17 19:48:07,
NYS,PATH,20260223,10.58,10.58,10.04,10.17,37391938,,2026-08-17 19:48:07,
NYS,PATH,20260220,11.05,11.60,10.75,10.80,20256861,,2026-08-17 19:48:07,
NYS,PATH,20260219,11.12,11.24,10.93,11.21,21534416,,2026-08-17 19:48:07,
NYS,PATH,20260218,10.94,11.48,10.82,11.10,27814692,,2026-08-17 19:48:07,
NYS,PATH,20260217,11.23,11.28,10.63,10.94,37647613,,2026-08-17 19:48:07,
NYS,PATH,20260213,11.26,11.68,11.21,11.32,23818966,,2026-08-17 19:48:07,
NYS,PATH,20260212,11.81,11.82,11.03,11.18,31044566,,2026-08-17 19:48:07,
NYS,PATH,20260211,12.93,12.94,11.49,11.69,43227380,,2026-08-17 19:48:07,
NYS,PATH,20260210,13.09,13.34,12.89,12.95,23716050,,2026-08-17 19:48:07,
NYS,PATH,20260209,12.89,13.27,12.59,13.00,30916821,,2026-08-17 19:48:07,
NYS,PATH,20260206,12.27,12.95,12.09,12.89,34352153,,2026-08-17 19:48:07,
NYS,PATH,20260205,12.06,12.37,11.82,12.08,36465697,,2026-08-17 19:48:07,
NYS,PATH,20260204,12.10,12.53,11.62,12.33,42467599,,2026-08-17 19:48:07,
NYS,PATH,20260203,12.48,12.48,11.79,12.15,37939886,,2026-08-17 19:48:07,
NYS,PATH,20260202,12.59,12.92,12.42,12.54,28958967,,2026-08-17 19:48:07,
NYS,PATH,20260130,13.24,13.33,12.53,12.59,26905974,,2026-08-17 19:48:07,2026-08-17 19:48:07
NYS,PATH,20260129,13.90,13.90,13.01,13.25,32170847,,2026-08-17 19:48:07,2026-08-17 19:48:07
NYS,PATH,20260128,14.65,14.67,14.08,14.11,16192507,,2026-08-17 19:48:07,2026-08-17 19:48:07
NYS,PATH,20260127,14.93,15.00,14.09,14.36,19017295,,2026-08-17 19:48:07,2026-08-17 19:48:07
NYS,PATH,20260126,14.73,15.50,14.70,14.91,25891588,,2026-08-17 19:48:07,2026-08-17 19:48:07
NYS,PATH,20260123,15.14,15.50,14.76,14.80,22912985,,2026-08-17 19:48:07,2026-08-17 19:48:07
NYS,PATH,20260122,14.49,15.16,14.40,15.15,20327906,,2026-08-17 19:48:07,2026-08-17 19:48:07
NYS,PATH,20260121,14.45,14.55,13.93,14.20,18280909,,2026-08-17 19:48:07,2026-08-17 19:48:07
NYS,PATH,20260120,14.03,14.54,14.01,14.37,26166702,,2026-08-17 19:48:07,2026-08-17 19:48:07
NYS,PATH,20260116,14.87,14.91,14.31,14.34,36139235,,2026-08-17 19:48:07,2026-08-17 19:48:07
NYS,PATH,20260115,15.39,15.45,14.75,14.79,32439025,,2026-08-17 19:48:07,2026-08-17 19:48:07
NYS,PATH,20260114,15.73,15.91,15.06,15.37,29951726,,2026-08-17 19:48:07,2026-08-17 19:48:07
NYS,PATH,20260113,17.47,17.52,15.50,15.97,49787094,,2026-08-17 19:48:07,2026-08-17 19:48:07
NYS,PATH,20260112,16.58,17.36,16.34,17.24,18682878,,2026-08-17 19:48:07,2026-08-17 19:48:07
NYS,PATH,20260109,17.04,17.48,16.17,16.32,18807268,,2026-08-17 19:48:07,2026-08-17 19:48:07
NYS,PATH,20260108,17.66,17.77,16.74,16.88,21073937,,2026-08-17 19:48:07,2026-08-17 19:48:07
NYS,PATH,20260107,17.41,17.94,17.10,17.84,21646652,,2026-08-17 19:48:07,2026-08-17 19:48:07
NYS,PATH,20260106,15.98,17.33,15.91,17.33,30008472,,2026-08-17 19:48:07,2026-08-17 19:48:07
NYS,PATH,20260105,15.83,16.48,15.61,16.03,20021880,,2026-08-17 19:48:07,2026-08-17 19:48:07
NYS,PATH,20260102,16.50,16.59,15.49,15.88,44139509,,2026-08-17 19:48:07,2026-08-17 19:48:07
NYS,PATH,20251231,16.56,16.72,16.26,16.39,70045206,,2026-08-17 19:48:07,2026-08-17 19:48:07
NYS,PATH,20251230,16.64,17.17,16.63,16.67,21572131,,2026-08-17 19:48:07,2026-08-17 19:48:07
NYS,PATH,20251229,16.42,17.36,16.33,16.85,33827184,,2026-08-17 19:48:07,2026-08-17 19:48:07
NYS,PATH,20251226,16.94,17.18,16.72,16.84,17152552,,2026-08-17 19:48:07,2026-08-17 19:48:07
NYS,PATH,20251224,16.98,17.35,16.69,17.16,34596942,,2026-08-17 19:48:07,2026-08-17 19:48:07
NYS,PATH,20251223,16.63,16.66,15.68,15.96,19389072,,2026-08-17 19:48:07,2026-08-17 19:48:07
NYS,PATH,20251222,16.56,16.83,16.22,16.70,22494357,,2026-08-17 19:48:07,2026-08-17 19:48:07
NYS,PATH,20251219,16.10,16.24,15.90,16.12,18769138,,2026-08-17 19:48:07,2026-08-17 19:48:07
NYS,PATH,20251218,16.19,16.34,15.86,15.94,15143297,,2026-08-17 19:48:07,2026-08-17 19:48:07
NYS,PATH,20251217,16.21,17.45,15.84,15.96,20336728,,2026-08-17 19:48:07,2026-08-17 19:48:07
NYS,PATH,20251216,16.20,16.60,15.94,16.09,14453603,,2026-08-17 19:48:07,
NYS,PATH,20251215,17.59,17.60,16.01,16.16,24013158,,2026-08-17 19:48:07,
NYS,PATH,20251212,18.04,18.09,17.23,17.42,17496455,,2026-08-17 19:48:07,
NYS,PATH,20251211,18.64,18.95,17.92,18.03,22482243,,2026-08-17 19:48:07,
NYS,PATH,20251210,18.66,18.95,18.23,18.69,22619639,,2026-08-17 19:48:07,
NYS,PATH,20251209,19.27,19.56,18.84,18.98,18020977,,2026-08-17 19:48:07,
NYS,PATH,20251208,19.08,19.84,18.74,19.29,32127888,,2026-08-17 19:48:07,
NYS,PATH,20251205,18.15,18.98,18.09,18.67,43510186,,2026-08-17 19:48:07,
NYS,PATH,20251204,16.10,18.70,15.75,18.48,94766949,,2026-08-17 19:48:07,
NYS,PATH,20251203,14.36,15.00,14.17,14.86,41665684,,2026-08-17 19:48:07,
NYS,PATH,20251202,14.27,14.67,14.25,14.30,18649506,,2026-08-17 19:48:07,
NYS,PATH,20251201,13.68,14.20,13.55,14.12,16075681,,2026-08-17 19:48:07,
NYS,PATH,20251128,13.70,13.94,13.51,13.86,6284085,,2026-08-17 19:48:07,
NYS,PATH,20251126,13.58,13.77,13.47,13.59,9845926,,2026-08-17 19:48:07,
NYS,PATH,20251125,13.31,13.72,13.08,13.61,15257932,,2026-08-17 19:48:07,
NYS,PATH,20251124,13.15,13.44,13.04,13.31,11857214,,2026-08-17 19:48:07,
NYS,PATH,20251121,12.82,13.12,12.36,13.01,19365234,,2026-08-17 19:48:07,
NYS,PATH,20251120,13.85,13.91,12.69,12.73,15996666,,2026-08-17 19:48:07,
NYS,PATH,20251119,13.66,13.88,13.31,13.48,10684776,,2026-08-17 19:48:07,
NYS,PATH,20251118,13.43,13.79,13.29,13.74,14209587,,2026-08-17 19:48:07,
NYS,PATH,20251117,14.00,14.18,13.30,13.52,16209349,,2026-08-17 19:48:07,
NYS,PATH,20251114,13.50,14.39,13.47,14.03,14839491,,2026-08-17 19:48:07,
NYS,PATH,20251113,14.31,14.84,13.88,14.09,24757698,,2026-08-17 19:48:07,
NYS,PATH,20251112,14.25,14.75,13.90,14.25,15319756,,2026-08-17 19:48:07,
NYS,PATH,20251111,14.06,14.53,14.01,14.37,9739231,,2026-08-17 19:48:07,
NYS,PATH,20251110,14.55,14.66,14.00,14.20,14971269,,2026-08-17 19:48:07,
NYS,PATH,20251107,13.75,14.37,13.54,14.30,17661094,,2026-08-17 19:48:07,
NYS,PATH,20251106,14.48,14.59,13.80,14.14,18140995,,2026-08-17 19:48:07,
NYS,PATH,20251105,14.42,15.19,14.07,14.55,26182491,,2026-08-17 19:48:07,
NYS,PATH,20251104,15.06,15.20,14.15,14.27,26177506,,2026-08-17 19:48:07,
NYS,PATH,20251103,16.08,16.58,15.28,15.87,21230543,,2026-08-17 19:48:07,
NYS,PATH,20251031,15.80,16.00,15.48,15.86,15424043,,2026-08-17 19:48:07,
NYS,PATH,20251030,15.89,16.33,15.41,15.87,15449391,,2026-08-17 19:48:07,
NYS,PATH,20251029,16.45,16.68,16.02,16.21,19572984,,2026-08-17 19:48:07,
NYS,PATH,20251028,17.38,17.50,16.11,16.16,25832250,,2026-08-17 19:48:07,
NYS,PATH,20251027,16.84,17.50,16.55,17.39,30177194,,2026-08-17 19:48:07,
NYS,PATH,20251024,15.56,16.76,15.32,16.48,34811843,,2026-08-17 19:48:07,2026-08-17 19:48:07
NYS,PATH,20251023,15.00,15.73,14.99,15.44,16109246,,2026-08-17 19:48:07,2026-08-17 19:48:07
NYS,PATH,20251022,15.80,15.83,14.70,15.03,28047100,,2026-08-17 19:48:07,2026-08-17 19:48:07
NYS,PATH,20251021,15.68,16.59,15.43,16.28,19590160,,2026-08-17 19:48:07,2026-08-17 19:48:07
NYS,PATH,20251020,15.65,16.15,15.62,15.93,20296457,,2026-08-17 19:48:07,2026-08-17 19:48:07
NYS,PATH,20251017,15.52,15.96,15.28,15.44,23036566,,2026-08-17 19:48:07,2026-08-17 19:48:07
NYS,PATH,20251016,16.93,17.58,15.80,15.93,37932547,,2026-08-17 19:48:07,2026-08-17 19:48:07
NYS,PATH,20251015,17.02,17.20,16.18,16.69,33082302,,2026-08-17 19:48:07,2026-08-17 19:48:07
NYS,PATH,20251014,16.78,16.91,16.05,16.48,34401894,,2026-08-17 19:48:07,2026-08-17 19:48:07
NYS,PATH,20251013,17.32,17.47,16.61,17.14,40097176,,2026-08-17 19:48:07,2026-08-17 19:48:07
NYS,PATH,20251010,18.58,18.60,16.85,17.05,63675413,,2026-08-17 19:48:07,2026-08-17 19:48:07
NYS,PATH,20251009,16.44,18.74,16.19,18.51,99862094,,2026-08-17 19:48:07,2026-08-17 19:48:07
NYS,PATH,20251008,15.02,15.59,14.77,15.58,35929811,,2026-08-17 19:48:07,2026-08-17 19:48:07
NYS,PATH,20251007,15.01,15.26,14.17,14.82,42503563,,2026-08-17 19:48:07,2026-08-17 19:48:07
NYS,PATH,20251006,14.19,15.22,13.91,14.52,61163247,,2026-08-17 19:48:07,2026-08-17 19:48:07
NYS,PATH,20251003,12.75,13.37,12.75,12.90,23026198,,2026-08-17 19:48:07,2026-08-17 19:48:07
NYS,PATH,20251002,13.08,13.08,12.61,12.75,23590179,,2026-08-17 19:48:07,2026-08-17 19:48:07
NYS,PATH,20251001,13.52,13.64,12.97,12.99,31188003,,2026-08-17 19:48:07,2026-08-17 19:48:07
NYS,PATH,20250930,15.18,15.18,13.34,13.38,80835381,,2026-08-17 19:48:07,2026-08-17 19:48:07
NYS,PATH,20250929,12.31,12.68,12.17,12.56,13659617,,2026-08-17 19:48:07,2026-08-17 19:48:07
NYS,PATH,20250926,12.17,12.38,11.96,12.21,11597802,,2026-08-17 19:48:07,2026-08-17 19:48:07
NYS,PATH,20250925,12.16,12.21,11.88,12.14,8699008,,2026-08-17 19:48:07,2026-08-17 19:48:07
NYS,PATH,20250924,12.62,12.64,12.22,12.32,12530297,,2026-08-17 19:48:07,2026-08-17 19:48:07
NYS,PATH,20250923,13.17,13.22,12.49,12.53,16141414,,2026-08-17 19:48:07,2026-08-17 19:48:07
NYS,PATH,20250922,12.18,13.17,12.02,13.14,28233551,,2026-08-17 19:48:07,2026-08-17 19:48:07
NYS,PATH,20250919,12.09,12.13,11.77,11.87,13039238,,2026-08-17 19:48:07,2026-08-17 19:48:07
NYS,PATH,20250918,12.00,12.17,11.83,12.15,11869213,,2026-08-17 19:48:07,2026-08-17 19:48:07
NYS,PATH,20250917,11.63,11.99,11.62,11.82,7676962,,2026-08-17 19:48:07,2026-08-17 19:48:07
NYS,PATH,20250916,11.61,11.63,11.42,11.57,7286529,,2026-08-17 19:48:07,2026-08-17 19:48:07
NYS,PATH,20250915,11.44,11.67,11.31,11.59,10316795,,2026-08-17 19:48:07,2026-08-17 19:48:07
NYS,PATH,20250912,11.76,11.76,11.37,11.40,9219768,,2026-08-17 19:48:07,2026-08-17 19:48:07
NYS,PATH,20250911,11.64,11.72,11.42,11.69,11254500,,2026-08-17 19:48:07,2026-08-17 19:48:07
NYS,PATH,20250910,11.86,12.05,11.53,11.61,13405484,,2026-08-17 19:48:07,2026-08-17 19:48:07
NYS,PATH,20250909,11.86,11.99,11.64,11.90,11779321,,2026-08-17 19:48:07,2026-08-17 19:48:07
NYS,PATH,20250908,11.53,11.84,11.34,11.80,16018891,,2026-08-17 19:48:07,
NYS,PATH,20250905,11.16,11.55,10.89,11.49,34586722,,2026-08-17 19:48:07,
NYS,PATH,20250904,10.93,10.94,10.48,10.85,38006285,,2026-08-17 19:48:07,
NYS,PATH,20250903,10.93,11.04,10.78,10.88,7413681,,2026-08-17 19:48:07,
NYS,PATH,20250902,10.94,11.07,10.76,10.90,11563941,,2026-08-17 19:48:07,
NYS,PATH,20250829,11.30,11.45,11.10,11.12,7799578,,2026-08-17 19:48:07,
NYS,PATH,20250828,11.20,11.41,11.20,11.26,9160030,,2026-08-17 19:48:07,
NYS,PATH,20250827,10.94,11.18,10.93,11.14,7684181,,2026-08-17 19:48:07,
NYS,PATH,20250826,11.03,11.13,10.81,10.82,10390976,,2026-08-17 19:48:07,
NYS,PATH,20250825,11.18,11.24,10.96,11.03,8052378,,2026-08-17 19:48:07,
NYS,PATH,20250822,10.94,11.24,10.88,11.17,10224373,,2026-08-17 19:48:07,
NYS,PATH,20250821,10.85,10.96,10.74,10.89,6558036,,2026-08-17 19:48:07,
NYS,PATH,20250820,10.91,11.02,10.77,10.96,9340414,,2026-08-17 19:48:07,
NYS,PATH,20250819,11.23,11.27,10.93,10.99,7310577,,2026-08-17 19:48:07,
NYS,PATH,20250818,10.94,11.19,10.94,11.17,14893611,,2026-08-17 19:48:07,
NYS,PATH,20250815,10.76,11.03,10.71,10.96,12505359,,2026-08-17 19:48:07,
NYS,PATH,20250814,10.80,10.88,10.63,10.73,9977740,,2026-08-17 19:48:07,
NYS,PATH,20250813,10.65,10.99,10.47,10.99,11443050,,2026-08-17 19:48:07,
NYS,PATH,20250812,10.46,10.54,10.35,10.50,7959155,,2026-08-17 19:48:07,
NYS,PATH,20250811,10.64,10.73,10.41,10.44,10109430,,2026-08-17 19:48:07,
NYS,PATH,20250808,10.95,11.00,10.58,10.66,9083291,,2026-08-17 19:48:07,
NYS,PATH,20250807,11.34,11.42,10.81,10.93,11882701,,2026-08-17 19:48:07,
NYS,PATH,20250806,11.30,11.35,11.14,11.22,7802055,,2026-08-17 19:48:07,
NYS,PATH,20250805,11.35,11.41,11.20,11.22,7794670,,2026-08-17 19:48:07,
NYS,PATH,20250804,11.25,11.35,11.15,11.34,10598735,,2026-08-17 19:48:07,
NYS,PATH,20250801,11.64,11.64,11.02,11.11,19242837,,2026-08-17 19:48:07,
NYS,PATH,20250731,12.00,12.04,11.74,11.75,13049102,,2026-08-17 19:48:07,
NYS,PATH,20250730,12.07,12.16,11.90,12.01,23117466,,2026-08-17 19:48:07,
NYS,PATH,20250729,12.24,12.30,11.97,12.08,10665874,,2026-08-17 19:48:07,
NYS,PATH,20250728,12.25,12.34,12.09,12.21,18318623,,2026-08-17 19:48:07,
NYS,PATH,20250725,12.23,12.38,12.15,12.18,19081052,,2026-08-17 19:48:07,
NYS,PATH,20250724,12.60,12.65,12.20,12.32,12793093,,2026-08-17 19:48:07,
NYS,PATH,20250723,12.66,12.67,12.47,12.62,14496797,,2026-08-17 19:48:07,
NYS,PATH,20250722,12.54,12.72,12.36,12.59,23919258,,2026-08-17 19:48:07,
NYS,PATH,20250721,12.63,12.82,12.35,12.45,24456568,,2026-08-17 19:48:07,
NYS,PATH,20250718,12.45,12.59,12.30,12.59,16542162,,2026-08-17 19:48:07,
NYS,PATH,20250717,12.45,12.53,12.33,12.33,13645147,,2026-08-17 19:48:07,
NYS,PATH,20250716,12.43,12.50,12.25,12.40,7422442,,2026-08-17 19:48:07,2026-08-17 19:48:07
NYS,PATH,20250715,12.54,12.60,12.37,12.38,18037891,,2026-08-17 19:48:07,2026-08-17 19:48:07
NYS,PATH,20250714,12.30,12.60,12.24,12.48,9715399,,2026-08-17 19:48:07,2026-08-17 19:48:07
NYS,PATH,20250711,12.79,12.82,12.34,12.35,5904313,,2026-08-17 19:48:07,2026-08-17 19:48:07
NYS,PATH,20250710,13.40,13.40,12.85,12.89,6123439,,2026-08-17 19:48:07,2026-08-17 19:48:07
NYS,PATH,20250709,13.25,13.40,13.06,13.33,5217402,,2026-08-17 19:48:07,2026-08-17 19:48:07
NYS,PATH,20250708,13.23,13.49,13.13,13.22,7186897,,2026-08-17 19:48:07,2026-08-17 19:48:07
NYS,PATH,20250707,13.17,13.29,12.96,13.16,6062757,,2026-08-17 19:48:07,2026-08-17 19:48:07
NYS,PATH,20250703,12.88,13.49,12.87,13.29,6853764,,2026-08-17 19:48:07,2026-08-17 19:48:07
NYS,PATH,20250702,12.59,12.87,12.40,12.85,8327190,,2026-08-17 19:48:07,2026-08-17 19:48:07
NYS,PATH,20250701,12.75,12.95,12.63,12.69,9669977,,2026-08-17 19:48:07,2026-08-17 19:48:07
NYS,PATH,20250630,12.80,12.87,12.66,12.80,8496735,,2026-08-17 19:48:07,2026-08-17 19:48:07
NYS,PATH,20250627,12.77,12.88,12.54,12.73,16074140,,2026-08-17 19:48:07,2026-08-17 19:48:07
NYS,PATH,20250626,12.51,12.84,12.25,12.77,6964027,,2026-08-17 19:48:07,2026-08-17 19:48:07
NYS,PATH,20250625,12.60,12.65,12.36,12.47,4796287,,2026-08-17 19:48:07,2026-08-17 19:48:07
NYS,PATH,20250624,12.43,12.61,12.40,12.51,7041979,,2026-08-17 19:48:07,2026-08-17 19:48:07
NYS,PATH,20250623,12.10,12.30,11.84,12.23,6601383,,2026-08-17 19:48:07,2026-08-17 19:48:07
NYS,PATH,20250620,12.40,12.49,12.04,12.18,8156391,,2026-08-17 19:48:07,2026-08-17 19:48:07
NYS,PATH,20250618,12.42,12.45,12.22,12.37,8000528,,2026-08-17 19:48:07,2026-08-17 19:48:07
NYS,PATH,20250617,12.41,12.59,12.34,12.42,7554470,,2026-08-17 19:48:07,2026-08-17 19:48:07
NYS,PATH,20250616,12.25,12.49,12.17,12.48,12285389,,2026-08-17 19:48:07,2026-08-17 19:48:07
NYS,PATH,20250613,12.40,12.55,12.22,12.24,9251246,,2026-08-17 19:48:07,2026-08-17 19:48:07
NYS,PATH,20250612,12.86,12.96,12.64,12.66,7421457,,2026-08-17 19:48:07,2026-08-17 19:48:07
NYS,PATH,20250611,13.22,13.22,12.90,12.97,8513203,,2026-08-17 19:48:07,2026-08-17 19:48:07
NYS,PATH,20250610,13.11,13.49,13.07,13.22,10644660,,2026-08-17 19:48:07,2026-08-17 19:48:07
NYS,PATH,20250609,13.18,13.18,13.03,13.11,8346892,,2026-08-17 19:48:07,2026-08-17 19:48:07
NYS,PATH,20250606,13.29,13.39,12.98,13.21,10323890,,2026-08-17 19:48:07,2026-08-17 19:48:07
NYS,PATH,20250605,13.12,13.40,13.09,13.26,12295308,,2026-08-17 19:48:07,2026-08-17 19:48:07
NYS,PATH,20250604,13.04,13.12,12.83,13.05,10939262,,2026-08-17 19:48:07,2026-08-17 19:48:07
NYS,PATH,20250603,12.59,13.08,12.52,13.05,18182082,,2026-08-17 19:48:07,
NYS,PATH,20250602,13.29,13.50,12.43,12.49,25768899,,2026-08-17 19:48:07,
NYS,PATH,20250530,14.86,14.99,12.91,13.31,47394650,,2026-08-17 19:48:07,
NYS,PATH,20250529,13.16,13.16,12.73,12.94,27435909,,2026-08-17 19:48:07,
NYS,PATH,20250528,12.60,13.03,12.60,12.94,12938338,,2026-08-17 19:48:07,
NYS,PATH,20250527,12.60,12.70,12.47,12.67,9175156,,2026-08-17 19:48:07,
NYS,PATH,20250523,12.11,12.56,12.09,12.37,9261425,,2026-08-17 19:48:07,
NYS,PATH,20250522,12.25,12.44,12.12,12.34,13123916,,2026-08-17 19:48:07,
NYS,PATH,20250521,12.30,12.48,12.13,12.20,12093915,,2026-08-17 19:48:07,
NYS,PATH,20250520,12.58,12.60,12.36,12.44,9890066,,2026-08-17 19:48:07,
NYS,PATH,20250519,12.64,12.76,12.56,12.59,6044800,,2026-08-17 19:48:07,
NYS,PATH,20250516,13.04,13.13,12.90,12.92,8884354,,2026-08-17 19:48:07,
NYS,PATH,20250515,13.00,13.21,12.89,13.07,4961182,,2026-08-17 19:48:07,
NYS,PATH,20250514,13.19,13.25,13.02,13.21,7426092,,2026-08-17 19:48:07,
NYS,PATH,20250513,13.08,13.35,13.03,13.26,6531763,,2026-08-17 19:48:07,
NYS,PATH,20250512,12.93,13.09,12.77,13.09,7729514,,2026-08-17 19:48:07,
NYS,PATH,20250509,12.50,12.60,12.35,12.50,5503655,,2026-08-17 19:48:07,
NYS,PATH,20250508,12.09,12.52,12.04,12.44,7378734,,2026-08-17 19:48:07,
NYS,PATH,20250507,11.87,12.14,11.75,12.10,6809303,,2026-08-17 19:48:07,
NYS,PATH,20250506,11.63,12.03,11.63,11.82,9393182,,2026-08-17 19:48:07,
NYS,PATH,20250505,11.86,12.12,11.76,11.77,9595556,,2026-08-17 19:48:07,
NYS,PATH,20250502,12.00,12.06,11.87,11.97,6653737,,2026-08-17 19:48:07,
NYS,PATH,20250501,12.01,12.07,11.83,11.88,11389408,,2026-08-17 19:48:07,
NYS,PATH,20250430,11.54,11.96,11.46,11.94,12225579,,2026-08-17 19:48:07,
NYS,PATH,20250429,11.76,11.90,11.66,11.82,8684001,,2026-08-17 19:48:07,
NYS,PATH,20250428,11.64,11.79,11.44,11.60,8910925,,2026-08-17 19:48:07,
NYS,PATH,20250425,11.25,11.67,11.19,11.59,10862763,,2026-08-17 19:48:07,
NYS,PATH,20250424,11.00,11.48,10.96,11.32,16347927,,2026-08-17 19:48:07,
NYS,PATH,20250423,10.85,11.07,10.76,10.87,11013877,,2026-08-17 19:48:07,
NYS,PATH,20250422,10.34,10.52,10.28,10.47,8940916,,2026-08-17 19:48:07,
NYS,PATH,20250421,10.28,10.45,10.11,10.21,16522973,,2026-08-17 19:48:07,
NYS,PATH,20250417,10.34,10.55,10.34,10.45,11977553,,2026-08-17 19:48:07,
NYS,PATH,20250416,10.48,10.73,10.22,10.38,17048376,,2026-08-17 19:48:07,
NYS,PATH,20250415,10.65,10.81,10.51,10.58,37979112,,2026-08-17 19:48:07,
NYS,PATH,20250414,11.00,11.17,10.62,10.71,14641190,,2026-08-17 19:48:07,
NYS,PATH,20250411,10.66,10.97,10.45,10.87,18596197,,2026-08-17 19:48:07,
NYS,PATH,20250410,10.89,10.95,10.30,10.63,19210152,,2026-08-17 19:48:07,
NYS,PATH,20250409,9.89,11.23,9.88,11.08,17428850,,2026-08-17 19:48:07,
NYS,PATH,20250408,10.16,10.36,9.77,9.87,19724966,,2026-08-17 19:48:07,
NYS,PATH,20250407,9.43,10.72,9.38,9.79,28733977,,2026-08-17 19:48:07,2026-08-17 19:48:07
NYS,PATH,20250404,9.92,10.21,9.58,10.04,21041060,,2026-08-17 19:48:07,2026-08-17 19:48:07
NYS,PATH,20250403,10.20,10.35,9.90,10.26,16090516,,2026-08-17 19:48:07,2026-08-17 19:48:07
NYS,PATH,20250402,10.29,10.88,10.29,10.82,8569076,,2026-08-17 19:48:07,2026-08-17 19:48:07
NYS,PATH,20250401,10.42,10.59,10.18,10.50,9937393,,2026-08-17 19:48:07,2026-08-17 19:48:07
NYS,PATH,20250331,10.36,10.45,10.13,10.30,12931367,,2026-08-17 19:48:07,2026-08-17 19:48:07
NYS,PATH,20250328,10.80,10.99,10.46,10.69,8165636,,2026-08-17 19:48:07,2026-08-17 19:48:07
NYS,PATH,20250327,11.20,11.20,10.77,10.87,8000051,,2026-08-17 19:48:07,2026-08-17 19:48:07
NYS,PATH,20250326,11.31,11.40,11.07,11.22,7971408,,2026-08-17 19:48:07,2026-08-17 19:48:07
NYS,PATH,20250325,11.26,11.41,11.22,11.34,6520256,,2026-08-17 19:48:07,2026-08-17 19:48:07
NYS,PATH,20250324,10.98,11.21,10.82,11.21,8619073,,2026-08-17 19:48:07,2026-08-17 19:48:07
NYS,PATH,20250321,10.67,10.82,10.52,10.81,11484073,,2026-08-17 19:48:07,2026-08-17 19:48:07
NYS,PATH,20250320,10.80,11.18,10.73,10.82,11237396,,2026-08-17 19:48:07,2026-08-17 19:48:07
NYS,PATH,20250319,10.80,11.00,10.62,10.80,11265738,,2026-08-17 19:48:07,2026-08-17 19:48:07
NYS,PATH,20250318,10.65,10.98,10.63,10.75,16445460,,2026-08-17 19:48:07,2026-08-17 19:48:07
NYS,PATH,20250317,10.79,11.08,10.72,10.78,14855463,,2026-08-17 19:48:07,2026-08-17 19:48:07
NYS,PATH,20250314,10.12,10.88,10.09,10.88,26745260,,2026-08-17 19:48:07,2026-08-17 19:48:07
NYS,PATH,20250313,9.80,10.33,9.50,9.97,49500343,,2026-08-17 19:48:07,2026-08-17 19:48:07
NYS,PATH,20250312,11.93,12.19,11.61,11.83,22922309,,2026-08-17 19:48:07,2026-08-17 19:48:07
NYS,PATH,20250311,11.96,12.18,11.50,11.74,15402987,,2026-08-17 19:48:07,2026-08-17 19:48:07
NYS,PATH,20250310,11.99,12.61,11.98,12.11,17364696,,2026-08-17 19:48:07,2026-08-17 19:48:07
NYS,PATH,20250307,11.62,12.37,11.58,12.31,16493185,,2026-08-17 19:48:07,2026-08-17 19:48:07
NYS,PATH,20250306,11.78,12.14,11.64,11.75,8654460,,2026-08-17 19:48:07,2026-08-17 19:48:07
NYS,PATH,20250305,11.87,12.19,11.79,12.07,7930606,,2026-08-17 19:48:07,2026-08-17 19:48:07
NYS,PATH,20250304,11.61,12.06,11.38,11.79,13345080,,2026-08-17 19:48:07,2026-08-17 19:48:07
NYS,PATH,20250303,12.43,12.61,11.72,11.76,8564229,,2026-08-17 19:48:07,2026-08-17 19:48:07
NYS,PATH,20250228,12.15,12.43,12.03,12.30,8248103,,2026-08-17 19:48:07,2026-08-17 19:48:07
NYS,PATH,20250227,12.87,13.04,12.27,12.30,7859289,,2026-08-17 19:48:07,2026-08-17 19:48:07
NYS,PATH,20250226,12.87,13.05,12.65,12.73,6432620,,2026-08-17 19:48:07,2026-08-17 19:48:07
NYS,PATH,20250225,12.99,13.12,12.37,12.63,11177104,,2026-08-17 19:48:07,2026-08-17 19:48:07
NYS,PATH,20250224,13.48,13.56,12.90,13.24,7148531,,2026-08-17 19:48:07,2026-08-17 19:48:07
NYS,PATH,20250221,14.30,14.38,13.30,13.43,8793454,,2026-08-17 19:48:07,2026-08-17 19:48:07
NYS,PATH,20250220,14.38,14.41,13.83,14.17,7075508,,2026-08-17 19:48:07,
NYS,PATH,20250219,14.77,14.86,14.35,14.38,6921331,,2026-08-17 19:48:07,
NYS,PATH,20250218,15.06,15.06,14.58,14.90,8618210,,2026-08-17 19:48:07,
NYS,PATH,20250214,15.28,15.30,14.71,14.93,7500723,,2026-08-17 19:48:07,
NYS,PATH,20250213,14.25,15.40,13.97,15.14,11063066,,2026-08-17 19:48:07,
NYS,PATH,20250212,13.74,14.22,13.61,14.12,5987313,,2026-08-17 19:48:07,
NYS,PATH,20250211,14.06,14.18,13.84,13.98,8637659,,2026-08-17 19:48:07,
NYS,PATH,20250210,14.24,14.62,14.19,14.23,7257465,,2026-08-17 19:48:07,
NYS,PATH,20250207,14.46,14.68,13.90,13.96,8467045,,2026-08-17 19:48:07,
NYS,PATH,20250206,14.99,15.00,14.19,14.29,6621765,,2026-08-17 19:48:07,
NYS,PATH,20250205,14.45,14.90,14.45,14.88,7823678,,2026-08-17 19:48:07,
NYS,PATH,20250204,14.39,14.65,14.26,14.43,6661114,,2026-08-17 19:48:07,
NYS,PATH,20250203,13.72,14.41,13.68,14.21,6372792,,2026-08-17 19:48:07,
NYS,PATH,20250131,14.91,15.07,14.12,14.22,9187473,,2026-08-17 19:48:07,
NYS,PATH,20250130,14.36,14.90,14.31,14.58,11324438,,2026-08-17 19:48:07,
NYS,PATH,20250129,15.00,15.05,13.99,14.40,14003003,,2026-08-17 19:48:07,
NYS,PATH,20250128,13.98,15.35,13.70,15.19,18161690,,2026-08-17 19:48:07,
NYS,PATH,20250127,13.65,14.33,13.56,13.76,12020306,,2026-08-17 19:48:07,
NYS,PATH,20250124,13.85,14.08,13.79,13.92,6222993,,2026-08-17 19:48:07,
NYS,PATH,20250123,13.35,13.81,13.30,13.79,5664559,,2026-08-17 19:48:07,
NYS,PATH,20250122,13.30,13.57,13.13,13.45,8826937,,2026-08-17 19:48:07,
NYS,PATH,20250121,13.14,13.50,13.11,13.33,6522381,,2026-08-17 19:48:07,
NYS,PATH,20250117,13.53,13.55,12.99,13.02,6116952,,2026-08-17 19:48:07,
NYS,PATH,20250116,13.45,13.54,13.17,13.35,8252908,,2026-08-17 19:48:07,
NYS,PATH,20250115,13.66,13.73,13.29,13.37,6796173,,2026-08-17 19:48:07,
NYS,PATH,20250114,12.96,13.35,12.94,13.28,6944879,,2026-08-17 19:48:07,
NYS,PATH,20250113,12.81,12.89,12.62,12.83,6903041,,2026-08-17 19:48:07,
NYS,PATH,20250110,13.10,13.16,12.75,12.97,8808321,,2026-08-17 19:48:07,
NYS,PATH,20250108,13.10,13.54,12.92,13.43,8690686,,2026-08-17 19:48:07,
NYS,PATH,20250107,14.06,14.10,13.13,13.20,9989292,,2026-08-17 19:48:07,
NYS,PATH,20250106,13.98,14.59,13.66,13.81,17191362,,2026-08-17 19:48:07,
NYS,PATH,20250103,12.93,13.28,12.79,13.28,6630745,,2026-08-17 19:48:07,
NYS,PATH,20250102,12.96,13.05,12.72,12.93,5678779,,2026-08-17 19:48:07,
NYS,PATH,20241231,12.80,12.84,12.53,12.71,5019394,,2026-08-17 19:48:07,
NYS,PATH,20241230,12.73,12.80,12.48,12.74,6074140,,2026-08-17 19:48:07,
NYS,PATH,20241227,13.18,13.24,12.73,12.88,6843550,,2026-08-17 19:48:07,2026-08-17 19:48:07
NYS,PATH,20241226,13.05,13.28,12.98,13.18,4709406,,2026-08-17 19:48:07,2026-08-17 19:48:07
NYS,PATH,20241224,13.12,13.14,12.89,13.13,2583517,,2026-08-17 19:48:07,2026-08-17 19:48:07
NYS,PATH,20241223,13.27,13.30,12.92,13.05,6044332,,2026-08-17 19:48:07,2026-08-17 19:48:07
NYS,PATH,20241220,12.64,13.30,12.51,13.25,14161409,,2026-08-17 19:48:07,2026-08-17 19:48:07
NYS,PATH,20241219,13.08,13.21,12.64,12.74,10222892,,2026-08-17 19:48:07,2026-08-17 19:48:07
NYS,PATH,20241218,14.00,14.01,12.91,12.97,9862990,,2026-08-17 19:48:07,2026-08-17 19:48:07
NYS,PATH,20241217,13.94,14.10,13.83,13.91,5974661,,2026-08-17 19:48:07,2026-08-17 19:48:07
NYS,PATH,20241216,13.89,14.28,13.77,14.06,8331342,,2026-08-17 19:48:07,2026-08-17 19:48:07
NYS,PATH,20241213,14.10,14.14,13.62,14.01,8646474,,2026-08-17 19:48:07,2026-08-17 19:48:07
NYS,PATH,20241212,14.15,14.48,13.92,14.23,8176894,,2026-08-17 19:48:07,2026-08-17 19:48:07
NYS,PATH,20241211,14.80,14.86,14.30,14.64,9053380,,2026-08-17 19:48:07,2026-08-17 19:48:07
NYS,PATH,20241210,15.53,15.87,14.50,14.71,13925151,,2026-08-17 19:48:07,2026-08-17 19:48:07
NYS,PATH,20241209,15.12,15.93,15.00,15.50,21017541,,2026-08-17 19:48:07,2026-08-17 19:48:07
NYS,PATH,20241206,15.27,15.34,13.67,14.81,28324071,,2026-08-17 19:48:07,2026-08-17 19:48:07
NYS,PATH,20241205,15.55,15.61,14.84,14.95,26744011,,2026-08-17 19:48:07,2026-08-17 19:48:07
NYS,PATH,20241204,14.63,15.67,14.52,15.33,15792255,,2026-08-17 19:48:07,2026-08-17 19:48:07
NYS,PATH,20241203,14.25,14.56,14.18,14.38,7246219,,2026-08-17 19:48:07,2026-08-17 19:48:07
NYS,PATH,20241202,14.47,14.85,14.44,14.52,9822088,,2026-08-17 19:48:07,2026-08-17 19:48:07
NYS,PATH,20241129,14.10,14.26,14.01,14.21,4055586,,2026-08-17 19:48:07,2026-08-17 19:48:07
NYS,PATH,20241127,14.25,14.36,13.78,14.09,5643697,,2026-08-17 19:48:07,2026-08-17 19:48:07
NYS,PATH,20241126,14.42,14.50,14.07,14.18,6510798,,2026-08-17 19:48:07,2026-08-17 19:48:07
NYS,PATH,20241125,14.66,14.91,14.45,14.50,11460247,,2026-08-17 19:48:07,2026-08-17 19:48:07
NYS,PATH,20241122,13.78,14.65,13.74,14.24,13779024,,2026-08-17 19:48:07,2026-08-17 19:48:07
NYS,PATH,20241121,13.11,13.76,13.05,13.68,11343517,,2026-08-17 19:48:07,2026-08-17 19:48:07
NYS,PATH,20241120,12.92,13.03,12.72,12.87,9694504,,2026-08-17 19:48:07,2026-08-17 19:48:07
NYS,PATH,20241119,12.35,12.79,12.32,12.76,6388478,,2026-08-17 19:48:07,2026-08-17 19:48:07
NYS,PATH,20241118,12.42,12.58,12.30,12.52,5072389,,2026-08-17 19:48:07,2026-08-17 19:48:07
NYS,PATH,20241115,12.66,12.66,12.20,12.37,10777742,,2026-08-17 19:48:07,2026-08-17 19:48:07
NYS,PATH,20241114,13.58,13.60,12.57,12.64,11227239,,2026-08-17 19:48:07,2026-08-17 19:48:07
NYS,PATH,20241113,13.36,14.05,13.30,13.53,8523691,,2026-08-17 19:48:07,2026-08-17 19:48:07
NYS,PATH,20241112,13.65,13.98,13.32,13.36,5815332,,2026-08-17 19:48:07,2026-08-17 19:48:07
NYS,PATH,20241111,13.30,14.06,13.21,13.89,12806470,,2026-08-17 19:48:07,2026-08-17 19:48:07
NYS,PATH,20241108,13.26,13.27,13.05,13.17,4776852,,2026-08-17 19:48:07,
NYS,PATH,20241107,13.39,13.43,13.11,13.38,8583107,,2026-08-17 19:48:07,
NYS,PATH,20241106,12.90,13.16,12.81,13.15,10399788,,2026-08-17 19:48:07,
NYS,PATH,20241105,12.32,12.57,12.28,12.54,5735579,,2026-08-17 19:48:07,
NYS,PATH,20241104,12.48,12.53,12.13,12.32,5134070,,2026-08-17 19:48:07,
NYS,PATH,20241101,12.34,12.66,12.33,12.57,4385151,,2026-08-17 19:48:07,
NYS,PATH,20241031,12.62,12.74,12.34,12.36,4409758,,2026-08-17 19:48:07,
NYS,PATH,20241030,12.60,12.98,12.54,12.61,4818223,,2026-08-17 19:48:07,
NYS,PATH,20241029,12.49,12.76,12.43,12.70,4148171,,2026-08-17 19:48:07,
NYS,PATH,20241028,12.50,12.59,12.39,12.48,5681535,,2026-08-17 19:48:07,
NYS,PATH,20241025,12.55,12.59,12.33,12.35,4537989,,2026-08-17 19:48:07,
NYS,PATH,20241024,12.18,12.58,12.17,12.48,5322984,,2026-08-17 19:48:07,
NYS,PATH,20241023,12.48,12.50,11.91,12.06,12144531,,2026-08-17 19:48:07,
NYS,PATH,20241022,12.93,13.06,12.59,12.64,6511870,,2026-08-17 19:48:07,
NYS,PATH,20241021,13.06,13.39,12.92,13.05,5688202,,2026-08-17 19:48:07,
NYS,PATH,20241018,12.85,13.18,12.84,13.06,5385936,,2026-08-17 19:48:07,
NYS,PATH,20241017,12.76,12.82,12.63,12.77,3838509,,2026-08-17 19:48:07,
NYS,PATH,20241016,12.87,12.92,12.72,12.80,3549049,,2026-08-17 19:48:07,
NYS,PATH,20241015,12.69,13.05,12.69,12.87,7048504,,2026-08-17 19:48:07,
NYS,PATH,20241014,12.75,12.81,12.60,12.74,3647066,,2026-08-17 19:48:07,
NYS,PATH,20241011,12.51,12.81,12.50,12.70,6781755,,2026-08-17 19:48:07,
NYS,PATH,20241010,12.20,12.63,12.10,12.56,6667506,,2026-08-17 19:48:07,
NYS,PATH,20241009,12.21,12.52,12.21,12.44,6705686,,2026-08-17 19:48:07,
NYS,PATH,20241008,12.27,12.38,12.12,12.17,4192974,,2026-08-17 19:48:07,
NYS,PATH,20241007,12.48,12.50,12.17,12.29,6726867,,2026-08-17 19:48:07,
NYS,PATH,20241004,12.17,12.61,12.09,12.49,7303371,,2026-08-17 19:48:07,
NYS,PATH,20241003,12.14,12.24,11.89,11.95,8500231,,2026-08-17 19:48:07,
NYS,PATH,20241002,12.34,12.45,12.28,12.33,4528436,,2026-08-17 19:48:07,
NYS,PATH,20241001,12.77,12.81,12.34,12.40,5957014,,2026-08-17 19:48:07,
NYS,PATH,20240930,12.75,12.92,12.64,12.80,5762449,,2026-08-17 19:48:07,
NYS,PATH,20240927,12.75,12.85,12.66,12.80,4771741,,2026-08-17 19:48:07,
NYS,PATH,20240926,12.74,12.76,12.25,12.59,6153057,,2026-08-17 19:48:07,
NYS,PATH,20240925,12.90,12.96,12.46,12.48,5635225,,2026-08-17 19:48:07,
NYS,PATH,20240924,13.00,13.09,12.82,12.95,6196543,,2026-08-17 19:48:07,
NYS,PATH,20240923,12.49,12.94,12.32,12.91,10584612,,2026-08-17 19:48:07,
NYS,PATH,20240920,12.38,12.61,12.14,12.49,26670700,,2026-08-17 19:48:07,
NYS,PATH,20240919,12.65,12.73,12.38,12.45,12629581,,2026-08-17 19:48:07,2026-08-17 19:48:07
NYS,PATH,20240918,12.28,12.58,12.12,12.30,10223825,,2026-08-17 19:48:07,2026-08-17 19:48:07
NYS,PATH,20240917,12.58,12.58,12.22,12.27,9815325,,2026-08-17 19:48:07,2026-08-17 19:48:07
NYS,PATH,20240916,12.50,12.94,12.36,12.48,8571313,,2026-08-17 19:48:07,2026-08-17 19:48:07
NYS,PATH,20240913,12.10,12.57,12.00,12.51,11382744,,2026-08-17 19:48:07,2026-08-17 19:48:07
NYS,PATH,20240912,12.03,12.21,11.85,12.02,8439779,,2026-08-17 19:48:07,2026-08-17 19:48:07
NYS,PATH,20240911,11.93,12.06,11.66,12.02,10305146,,2026-08-17 19:48:07,2026-08-17 19:48:07
NYS,PATH,20240910,12.26,12.31,11.90,12.03,10084809,,2026-08-17 19:48:07,2026-08-17 19:48:07
NYS,PATH,20240909,12.05,12.44,12.02,12.19,15675344,,2026-08-17 19:48:07,2026-08-17 19:48:07
NYS,PATH,20240906,13.65,14.06,11.86,11.97,38813948,,2026-08-17 19:48:07,2026-08-17 19:48:07
NYS,PATH,20240905,12.60,12.80,12.44,12.74,19823238,,2026-08-17 19:48:07,2026-08-17 19:48:07
NYS,PATH,20240904,12.44,12.82,12.41,12.72,9772766,,2026-08-17 19:48:07,2026-08-17 19:48:07
NYS,PATH,20240903,12.85,13.02,12.49,12.59,7655186,,2026-08-17 19:48:07,2026-08-17 19:48:07
NYS,PATH,20240830,12.84,12.95,12.70,12.88,32708337,,2026-08-17 19:48:07,2026-08-17 19:48:07
NYS,PATH,20240829,12.74,13.06,12.70,12.84,9595868,,2026-08-17 19:48:07,2026-08-17 19:48:07
NYS,PATH,20240828,12.93,13.04,12.47,12.58,8988044,,2026-08-17 19:48:07,2026-08-17 19:48:07
NYS,PATH,20240827,12.50,12.94,12.49,12.86,10555065,,2026-08-17 19:48:07,2026-08-17 19:48:07
NYS,PATH,20240826,12.51,12.79,12.50,12.64,6816657,,2026-08-17 19:48:07,2026-08-17 19:48:07
NYS,PATH,20240823,12.22,12.47,12.07,12.41,5810636,,2026-08-17 19:48:07,2026-08-17 19:48:07
NYS,PATH,20240822,12.28,12.36,12.05,12.06,5788817,,2026-08-17 19:48:07,2026-08-17 19:48:07
NYS,PATH,20240821,12.14,12.27,12.05,12.25,7764232,,2026-08-17 19:48:07,2026-08-17 19:48:07
NYS,PATH,20240820,12.10,12.28,12.06,12.09,5736278,,2026-08-17 19:48:07,2026-08-17 19:48:07
NYS,PATH,20240819,11.86,12.16,11.80,12.16,6005148,,2026-08-17 19:48:07,2026-08-17 19:48:07
NYS,PATH,20240816,11.70,11.86,11.67,11.85,5819176,,2026-08-17 19:48:07,2026-08-17 19:48:07
NYS,PATH,20240815,11.58,11.89,11.58,11.79,6785836,,2026-08-17 19:48:07,2026-08-17 19:48:07
NYS,PATH,20240814,11.55,11.57,11.32,11.43,6444155,,2026-08-17 19:48:07,2026-08-17 19:48:07
NYS,PATH,20240813,11.20,11.62,11.12,11.53,10728414,,2026-08-17 19:48:07,2026-08-17 19:48:07
NYS,PATH,20240812,11.44,11.53,11.10,11.13,8328412,,2026-08-17 19:48:07,2026-08-17 19:48:07
NYS,PATH,20240809,11.15,11.46,11.11,11.37,10309945,,2026-08-17 19:48:07,2026-08-17 19:48:07
NYS,PATH,20240808,10.92,11.17,10.84,11.13,7223180,,2026-08-17 19:48:07,2026-08-17 19:48:07
NYS,PATH,20240807,11.04,11.26,10.73,10.75,10206223,,2026-08-17 19:48:07,2026-08-17 19:48:07
NYS,PATH,20240806,11.34,11.36,10.82,10.89,15714998,,2026-08-17 19:48:07,
NYS,PATH,20240805,10.37,11.35,10.37,11.13,14810393,,2026-08-17 19:48:07,
NYS,PATH,20240802,11.33,11.48,11.19,11.41,11855572,,2026-08-17 19:48:07,
NYS,PATH,20240801,12.16,12.25,11.64,11.80,10249882,,2026-08-17 19:48:07,
NYS,PATH,20240731,12.27,12.43,12.10,12.17,8109349,,2026-08-17 19:48:07,
NYS,PATH,20240730,12.24,12.37,11.92,12.06,7883638,,2026-08-17 19:48:07,
NYS,PATH,20240729,12.44,12.50,12.21,12.32,5404973,,2026-08-17 19:48:07,
NYS,PATH,20240726,12.41,12.52,12.27,12.36,7086519,,2026-08-17 19:48:07,
NYS,PATH,20240725,11.94,12.56,11.90,12.20,8402806,,2026-08-17 19:48:07,
NYS,PATH,20240724,12.20,12.46,11.91,11.93,9735452,,2026-08-17 19:48:07,
NYS,PATH,20240723,12.23,12.43,12.22,12.31,5440707,,2026-08-17 19:48:07,
NYS,PATH,20240722,12.16,12.26,11.95,12.24,7371120,,2026-08-17 19:48:07,
NYS,PATH,20240719,12.07,12.16,11.94,12.05,6710417,,2026-08-17 19:48:07,
NYS,PATH,20240718,12.53,12.69,12.06,12.09,9905083,,2026-08-17 19:48:07,
NYS,PATH,20240717,12.50,12.97,12.46,12.57,10056737,,2026-08-17 19:48:07,
NYS,PATH,20240716,12.56,12.84,12.53,12.70,8014193,,2026-08-17 19:48:07,
NYS,PATH,20240715,12.71,12.74,12.35,12.47,12196707,,2026-08-17 19:48:07,
NYS,PATH,20240712,12.46,12.76,12.37,12.63,10688854,,2026-08-17 19:48:07,
NYS,PATH,20240711,12.38,12.62,12.20,12.35,10230975,,2026-08-17 19:48:07,
NYS,PATH,20240710,12.00,12.10,11.85,12.09,10946447,,2026-08-17 19:48:07,
NYS,PATH,20240709,12.66,12.75,11.79,11.93,23790477,,2026-08-17 19:48:07,
NYS,PATH,20240708,13.18,13.22,12.80,12.82,9601502,,2026-08-17 19:48:07,
NYS,PATH,20240705,12.92,13.25,12.91,13.24,7620131,,2026-08-17 19:48:07,
NYS,PATH,20240703,13.04,13.24,12.95,12.96,5835334,,2026-08-17 19:48:07,
NYS,PATH,20240702,12.88,13.16,12.81,12.96,8376065,,2026-08-17 19:48:07,
NYS,PATH,20240701,12.73,12.97,12.60,12.88,8149249,,2026-08-17 19:48:07,
NYS,PATH,20240628,12.71,12.72,12.45,12.68,13027077,,2026-08-17 19:48:07,
NYS,PATH,20240627,12.22,12.73,12.14,12.68,11537204,,2026-08-17 19:48:07,
NYS,PATH,20240626,11.90,12.25,11.87,12.22,9136560,,2026-08-17 19:48:07,
NYS,PATH,20240625,12.02,12.10,11.81,11.93,9372122,,2026-08-17 19:48:07,
NYS,PATH,20240624,11.80,12.10,11.80,12.03,9989249,,2026-08-17 19:48:07,
NYS,PATH,20240621,11.29,11.97,11.29,11.96,21202883,,2026-08-17 19:48:07,
NYS,PATH,20240620,11.21,11.41,11.07,11.37,12293968,,2026-08-17 19:48:07,
NYS,PATH,20240618,11.35,11.45,11.23,11.26,9808896,,2026-08-17 19:48:07,
NYS,PATH,20240617,11.47,11.55,11.27,11.43,10707532,,2026-08-17 19:48:07,
NYS,PATH,20240614,11.54,11.67,11.49,11.54,9360018,,2026-08-17 19:48:07,
NYS,PATH,20240613,11.86,11.87,11.53,11.53,12100833,,2026-08-17 19:48:07,
NYS,PATH,20240612,12.09,12.26,11.81,11.81,14367557,,2026-08-17 19:48:07,
NYS,PATH,20240611,11.97,12.04,11.75,11.81,11978013,,2026-08-17 19:48:07,2026-08-17 19:48:07
NYS,PATH,20240610,11.92,12.29,11.88,12.01,11952746,,2026-08-17 19:48:07,2026-08-17 19:48:07
NYS,PATH,20240607,12.10,12.15,11.91,12.00,13496576,,2026-08-17 19:48:07,2026-08-17 19:48:07
NYS,PATH,20240606,11.90,12.41,11.83,12.25,13704568,,2026-08-17 19:48:07,2026-08-17 19:48:07
NYS,PATH,20240605,11.83,11.97,11.63,11.87,16482083,,2026-08-17 19:48:07,2026-08-17 19:48:07
NYS,PATH,20240604,11.75,12.01,11.72,11.75,17823002,,2026-08-17 19:48:07,2026-08-17 19:48:07
NYS,PATH,20240603,12.25,12.29,11.53,11.92,33044830,,2026-08-17 19:48:07,2026-08-17 19:48:07
NYS,PATH,20240531,12.20,12.69,11.96,12.26,38660549,,2026-08-17 19:48:07,2026-08-17 19:48:07
NYS,PATH,20240530,12.60,12.70,11.71,12.07,86637049,,2026-08-17 19:48:07,2026-08-17 19:48:07
NYS,PATH,20240529,18.38,18.63,18.08,18.30,26483289,,2026-08-17 19:48:07,2026-08-17 19:48:07
NYS,PATH,20240528,18.97,19.09,18.49,18.75,10494801,,2026-08-17 19:48:07,2026-08-17 19:48:07
NYS,PATH,20240524,19.00,19.16,18.77,18.98,5200597,,2026-08-17 19:48:07,2026-08-17 19:48:07
NYS,PATH,20240523,19.82,19.83,18.86,19.04,6506549,,2026-08-17 19:48:07,2026-08-17 19:48:07
NYS,PATH,20240522,20.08,20.25,19.53,19.59,5163767,,2026-08-17 19:48:07,2026-08-17 19:48:07
NYS,PATH,20240521,20.12,20.36,19.84,19.90,5105417,,2026-08-17 19:48:07,2026-08-17 19:48:07
NYS,PATH,20240520,20.37,20.51,20.15,20.31,3750700,,2026-08-17 19:48:07,2026-08-17 19:48:07
NYS,PATH,20240517,20.21,20.59,20.05,20.41,5148220,,2026-08-17 19:48:07,2026-08-17 19:48:07
NYS,PATH,20240516,20.67,20.87,20.19,20.19,5365667,,2026-08-17 19:48:07,2026-08-17 19:48:07
NYS,PATH,20240515,20.67,20.95,20.41,20.74,6552440,,2026-08-17 19:48:07,2026-08-17 19:48:07
NYS,PATH,20240514,19.98,20.47,19.95,20.20,5652151,,2026-08-17 19:48:07,2026-08-17 19:48:07
NYS,PATH,20240513,19.42,20.20,19.37,19.80,6976439,,2026-08-17 19:48:07,2026-08-17 19:48:07
NYS,PATH,20240510,19.46,19.56,19.11,19.22,5154829,,2026-08-17 19:48:07,2026-08-17 19:48:07
NYS,PATH,20240509,19.77,19.86,19.33,19.39,5736220,,2026-08-17 19:48:07,2026-08-17 19:48:07
NYS,PATH,20240508,19.65,19.93,19.59,19.90,4734652,,2026-08-17 19:48:07,2026-08-17 19:48:07
NYS,PATH,20240507,19.68,20.08,19.54,20.02,5339796,,2026-08-17 19:48:07,2026-08-17 19:48:07
NYS,PATH,20240506,19.66,19.90,19.60,19.85,4228051,,2026-08-17 19:48:07,2026-08-17 19:48:07
NYS,PATH,20240503,19.81,19.88,19.36,19.48,3862423,,2026-08-17 19:48:07,2026-08-17 19:48:07
NYS,PATH,20240502,19.51,19.57,18.88,19.30,4596952,,2026-08-17 19:48:07,2026-08-17 19:48:07
NYS,PATH,20240501,19.01,19.85,18.88,19.24,4799147,,2026-08-17 19:48:07,2026-08-17 19:48:07
NYS,PATH,20240430,19.56,19.74,18.95,18.97,5190821,,2026-08-17 19:48:07,2026-08-17 19:48:07
NYS,PATH,20240429,19.65,19.98,19.51,19.76,4753236,,2026-08-17 19:48:07,2026-08-17 19:48:07
NYS,PATH,20240426,19.57,19.75,19.37,19.46,4692993,,2026-08-17 19:48:07,
NYS,PATH,20240425,19.00,19.42,18.92,19.41,5230600,,2026-08-17 19:48:07,
NYS,PATH,20240424,19.75,19.91,19.38,19.70,6159522,,2026-08-17 19:48:07,
NYS,PATH,20240423,18.98,19.69,18.90,19.55,5821102,,2026-08-17 19:48:07,
NYS,PATH,20240422,18.95,19.05,18.49,18.89,5407699,,2026-08-17 19:48:07,
NYS,PATH,20240419,18.86,19.07,18.57,18.75,5614037,,2026-08-17 19:48:07,
NYS,PATH,20240418,19.15,19.40,18.93,19.04,4726104,,2026-08-17 19:48:07,
NYS,PATH,20240417,19.44,19.59,19.11,19.12,4570874,,2026-08-17 19:48:07,
NYS,PATH,20240416,19.31,19.52,19.15,19.41,7327104,,2026-08-17 19:48:07,
NYS,PATH,20240415,20.58,20.78,19.38,19.48,11204045,,2026-08-17 19:48:07,
NYS,PATH,20240412,21.10,21.17,20.59,20.71,5603184,,2026-08-17 19:48:07,
NYS,PATH,20240411,21.60,21.66,21.12,21.31,6356103,,2026-08-17 19:48:07,
NYS,PATH,20240410,21.12,21.54,21.10,21.41,5337209,,2026-08-17 19:48:07,
NYS,PATH,20240409,21.73,21.90,21.44,21.80,5862978,,2026-08-17 19:48:07,
NYS,PATH,20240408,21.70,21.85,21.27,21.65,5172082,,2026-08-17 19:48:07,
NYS,PATH,20240405,21.20,21.48,21.13,21.21,6714349,,2026-08-17 19:48:07,
NYS,PATH,20240404,21.87,22.11,21.25,21.35,7100109,,2026-08-17 19:48:07,
NYS,PATH,20240403,21.43,21.74,21.32,21.54,6102886,,2026-08-17 19:48:07,
NYS,PATH,20240402,21.60,21.68,21.30,21.57,6772191,,2026-08-17 19:48:07,
NYS,PATH,20240401,22.60,22.83,21.96,22.19,5593675,,2026-08-17 19:48:07,
NYS,PATH,20240328,22.88,23.04,22.59,22.67,5456008,,2026-08-17 19:48:07,
NYS,PATH,20240327,22.86,23.04,22.39,22.78,5453206,,2026-08-17 19:48:07,
NYS,PATH,20240326,23.30,23.35,22.65,22.71,5325277,,2026-08-17 19:48:07,
NYS,PATH,20240325,22.90,23.24,22.82,23.07,4489077,,2026-08-17 19:48:07,
NYS,PATH,20240322,23.58,23.64,22.72,22.97,6526575,,2026-08-17 19:48:07,
NYS,PATH,20240321,23.81,23.97,23.32,23.47,6851794,,2026-08-17 19:48:07,
NYS,PATH,20240320,23.17,23.49,22.71,23.32,7059185,,2026-08-17 19:48:07,
NYS,PATH,20240319,22.54,23.17,22.36,23.13,8234621,,2026-08-17 19:48:07,
NYS,PATH,20240318,22.85,23.27,22.29,23.06,9936961,,2026-08-17 19:48:07,
NYS,PATH,20240315,22.80,23.18,22.61,22.75,14180130,,2026-08-17 19:48:07,
NYS,PATH,20240314,24.81,25.47,22.30,22.75,35861513,,2026-08-17 19:48:07,
NYS,PATH,20240313,24.56,25.33,24.36,24.43,24895458,,2026-08-17 19:48:07,
NYS,PATH,20240312,24.43,25.05,23.68,24.64,12955452,,2026-08-17 19:48:07,
NYS,PATH,20240311,23.69,24.69,23.69,24.10,9919585,,2026-08-17 19:48:07,
NYS,PATH,20240308,23.80,24.63,23.50,23.66,9596062,,2026-08-17 19:48:07,
NYS,PATH,20240307,23.47,23.77,23.33,23.60,7456676,,2026-08-17 19:48:07,
NYS,PATH,20240306,23.02,23.50,22.66,23.19,6830458,,2026-08-17 19:48:07,
NYS,PATH,20240305,23.06,23.40,22.15,22.42,10968176,,2026-08-17 19:48:07,
NYS,PATH,20240304,23.67,24.00,23.42,23.66,7147675,,2026-08-17 19:48:07,
NYS,PATH,20240301,23.79,23.82,23.08,23.63,6316698,,2026-08-17 19:48:07,
NYS,PATH,20240229,23.84,23.96,23.45,23.75,9240920,,2026-08-17 19:48:07,
NYS,PATH,20240228,23.49,23.75,23.01,23.36,6763401,,2026-08-17 19:48:07,
NYS,PATH,20240227,24.17,24.34,23.48,23.68,10399270,,2026-08-17 19:48:07,
NYS,PATH,20240226,23.46,24.24,23.37,24.01,8683441,,2026-08-17 19:48:07,
NYS,PATH,20240223,23.57,23.87,23.19,23.33,5939632,,2026-08-17 19:48:07,
NYS,PATH,20240222,23.77,23.96,23.17,23.42,8195085,,2026-08-17 19:48:07,
NYS,PATH,20240221,23.21,23.36,22.66,22.90,7783333,,2026-08-17 19:48:07,
NYS,PATH,20240220,24.50,24.60,23.32,23.82,9995605,,2026-08-17 19:48:07,
NYS,PATH,20240216,25.28,25.48,24.61,24.96,9171394,,2026-08-17 19:48:07,
NYS,PATH,20240215,26.30,26.56,25.50,25.67,8779721,,2026-08-17 19:48:07,
NYS,PATH,20240214,25.45,26.10,25.16,26.01,9810007,,2026-08-17 19:48:07,
NYS,PATH,20240213,25.01,25.95,24.27,24.94,15134848,,2026-08-17 19:48:07,
NYS,PATH,20240212,27.13,27.87,26.65,26.88,18309186,,2026-08-17 19:48:07,
NYS,PATH,20240209,25.22,26.94,25.04,26.35,21214095,,2026-08-17 19:48:07,
NYS,PATH,20240208,23.52,24.90,23.28,24.36,14569169,,2026-08-17 19:48:07,
NYS,PATH,20240207,23.32,23.58,22.93,23.48,7445035,,2026-08-17 19:48:07,
NYS,PATH,20240206,22.80,23.19,22.58,23.15,5676609,,2026-08-17 19:48:07,
NYS,PATH,20240205,23.41,23.63,22.16,22.51,7722740,,2026-08-17 19:48:07,
NYS,PATH,20240202,22.80,23.49,22.61,23.44,7331751,,2026-08-17 19:48:07,
NYS,PATH,20240201,23.10,23.50,22.66,23.11,5727758,,2026-08-17 19:48:07,
NYS,PATH,20240131,23.50,24.04,22.92,22.98,10552656,,2026-08-17 19:48:07,
NYS,PATH,20240130,24.20,24.40,23.64,23.85,8234072,,2026-08-17 19:48:07,
NYS,PATH,20240129,22.79,24.23,22.79,24.19,11153483,,2026-08-17 19:48:07,
NYS,PATH,20240126,23.00,23.43,22.72,22.74,6953609,,2026-08-17 19:48:07,
NYS,PATH,20240125,22.99,23.30,22.67,22.83,6951191,,2026-08-17 19:48:07,
NYS,PATH,20240124,23.87,24.08,22.50,22.63,8453174,,2026-08-17 19:48:07,
NYS,PATH,20240123,23.69,24.01,23.36,23.54,9084495,,2026-08-17 19:48:07,
NYS,PATH,20240122,23.25,23.97,22.95,23.49,12982737,,2026-08-17 19:48:07,
NYS,PATH,20240119,21.90,22.28,21.55,22.23,8610954,,2026-08-17 19:48:07,
NYS,PATH,20231124,18.21,18.53,18.14,18.35,2180246,,2026-08-17 19:48:06,
NYS,PATH,20231122,18.42,18.54,18.05,18.31,4016806,,2026-08-17 19:48:06,
NYS,PATH,20231121,18.27,18.49,17.94,18.17,4772982,,2026-08-17 19:48:06,
NYS,PATH,20231120,18.37,18.81,18.31,18.55,5128468,,2026-08-17 19:48:06,
NYS,PATH,20231117,18.07,18.43,17.88,18.27,4498345,,2026-08-17 19:48:06,
NYS,PATH,20231116,18.37,18.56,17.90,18.00,6214748,,2026-08-17 19:48:06,
NYS,PATH,20231115,18.20,19.09,18.13,18.67,7773422,,2026-08-17 19:48:06,
NYS,PATH,20231114,17.90,18.40,17.82,18.06,6610132,,2026-08-17 19:48:06,
NYS,PATH,20231113,17.20,17.27,16.89,17.22,4798782,,2026-08-17 19:48:06,
NYS,PATH,20231110,16.56,17.30,16.50,17.30,5262907,,2026-08-17 19:48:06,
NYS,PATH,20231109,17.31,17.50,16.52,16.59,5425165,,2026-08-17 19:48:06,
NYS,PATH,20231108,17.30,17.41,16.93,17.15,5305555,,2026-08-17 19:48:06,
NYS,PATH,20231107,16.88,17.55,16.81,17.26,6366259,,2026-08-17 19:48:06,
NYS,PATH,20231106,17.19,17.32,16.29,16.63,7078688,,2026-08-17 19:48:06,
NYS,PATH,20231103,16.67,17.47,16.60,17.32,7347232,,2026-08-17 19:48:06,
NYS,PATH,20231102,16.00,16.68,16.00,16.58,8389465,,2026-08-17 19:48:06,
NYS,PATH,20231101,15.45,15.57,15.08,15.52,5178043,,2026-08-17 19:48:06,
NYS,PATH,20231031,15.20,15.61,15.00,15.53,5438643,,2026-08-17 19:48:06,
NYS,PATH,20231030,15.19,15.42,14.92,15.08,4803411,,2026-08-17 19:48:06,
NYS,PATH,20231027,15.48,15.59,14.90,14.94,4177498,,2026-08-17 19:48:06,
NYS,PATH,20231026,15.22,15.60,14.95,15.28,5984514,,2026-08-17 19:48:06,
NYS,PATH,20231025,15.75,15.83,15.09,15.14,5897513,,2026-08-17 19:48:06,
NYS,PATH,20231024,15.77,16.34,15.77,16.00,3852575,,2026-08-17 19:48:06,
NYS,PATH,20231023,15.27,15.85,15.03,15.56,5005981,,2026-08-17 19:48:06,
NYS,PATH,20231020,15.97,16.15,15.40,15.53,5621770,,2026-08-17 19:48:06,
NYS,PATH,20231019,16.45,16.70,16.03,16.04,5004756,,2026-08-17 19:48:06,
NYS,PATH,20231018,16.61,16.71,15.98,16.25,6577971,,2026-08-17 19:48:06,
NYS,PATH,20231017,15.96,16.76,15.91,16.70,5709992,,2026-08-17 19:48:06,
NYS,PATH,20231016,15.45,16.35,15.33,16.21,6962849,,2026-08-17 19:48:06,
NYS,PATH,20231013,16.17,16.32,15.39,15.39,8461777,,2026-08-17 19:48:06,
NYS,PATH,20231012,17.03,17.10,16.16,16.38,4548754,,2026-08-17 19:48:06,
NYS,PATH,20231011,17.21,17.45,16.91,17.02,4719204,,2026-08-17 19:48:06,
NYS,PATH,20231010,16.91,17.59,16.91,17.15,7960836,,2026-08-17 19:48:06,
NYS,PATH,20231009,16.40,16.97,16.35,16.77,4385559,,2026-08-17 19:48:06,
NYS,PATH,20231006,15.94,16.96,15.89,16.72,5730087,,2026-08-17 19:48:06,
NYS,PATH,20231005,16.58,16.65,16.08,16.24,6224605,,2026-08-17 19:48:06,
NYS,PATH,20231004,16.09,16.72,16.08,16.69,6518096,,2026-08-17 19:48:06,
NYS,PATH,20231003,17.07,17.24,15.75,16.02,11905904,,2026-08-17 19:48:06,
NYS,PATH,20231002,17.15,17.42,17.01,17.24,5446310,,2026-08-17 19:48:06,
NYS,PATH,20230929,17.14,17.50,17.06,17.11,6168824,,2026-08-17 19:48:06,
NYS,PATH,20230928,16.19,16.99,16.05,16.77,7266722,,2026-08-17 19:48:06,
NYS,PATH,20230927,15.98,16.52,15.98,16.29,5839272,,2026-08-17 19:48:06,
NYS,PATH,20230926,16.05,16.42,15.75,15.78,5326888,,2026-08-17 19:48:06,
NYS,PATH,20230925,16.11,16.45,16.06,16.29,4505768,,2026-08-17 19:48:06,
NYS,PATH,20230922,16.54,16.55,16.19,16.29,5328196,,2026-08-17 19:48:06,
NYS,PATH,20230921,16.50,16.90,16.31,16.32,6389816,,2026-08-17 19:48:06,
NYS,PATH,20230920,17.21,17.39,16.76,16.80,5349542,,2026-08-17 19:48:06,
NYS,PATH,20230919,17.30,17.38,16.77,17.06,5808250,,2026-08-17 19:48:06,
NYS,PATH,20230918,17.38,17.69,17.06,17.41,7238087,,2026-08-17 19:48:06,
NYS,PATH,20230915,17.65,17.76,17.13,17.56,10950521,,2026-08-17 19:48:06,
NYS,PATH,20230914,18.37,18.41,17.44,17.75,7420775,,2026-08-17 19:48:06,
NYS,PATH,20230913,18.56,18.57,17.74,18.16,9578313,,2026-08-17 19:48:06,
NYS,PATH,20230912,18.55,19.02,18.01,18.67,11358196,,2026-08-17 19:48:06,
NYS,PATH,20230911,18.67,19.40,18.44,19.18,12223774,,2026-08-17 19:48:06,
NYS,PATH,20230908,18.08,18.77,17.88,18.48,18168934,,2026-08-17 19:48:06,
NYS,PATH,20230907,16.43,18.12,16.21,18.08,27601708,,2026-08-17 19:48:06,
NYS,PATH,20230906,16.20,16.58,16.04,16.22,16910472,,2026-08-17 19:48:06,
NYS,PATH,20230905,15.75,16.22,15.65,16.18,7250374,,2026-08-17 19:48:06,
NYS,PATH,20230901,16.00,16.35,15.78,15.89,4772225,,2026-08-17 19:48:06,
NYS,PATH,20230831,15.68,16.09,15.68,15.81,6128484,,2026-08-17 19:48:06,
NYS,PATH,20230830,15.60,15.77,15.39,15.61,5003984,,2026-08-17 19:48:06,
NYS,PATH,20230829,15.10,15.68,14.94,15.64,5029448,,2026-08-17 19:48:06,
NYS,PATH,20230828,15.14,15.41,15.03,15.08,4400387,,2026-08-17 19:48:06,
NYS,PATH,20230825,14.63,15.16,14.59,15.03,4257951,,2026-08-17 19:48:06,
NYS,PATH,20230824,15.63,15.63,14.63,14.64,5708683,,2026-08-17 19:48:06,
NYS,PATH,20230823,15.36,15.64,15.18,15.40,5120485,,2026-08-17 19:48:06,
NYS,PATH,20230822,15.45,15.48,15.00,15.29,5225983,,2026-08-17 19:48:06,
NYS,PATH,20230821,14.82,15.23,14.72,15.10,4173680,,2026-08-17 19:48:06,
NYS,PATH,20230818,14.25,15.05,14.12,14.82,6563701,,2026-08-17 19:48:06,
NYS,PATH,20230817,15.12,15.20,14.27,14.57,9658765,,2026-08-17 19:48:06,
NYS,PATH,20230816,15.30,15.50,15.21,15.29,4161802,,2026-08-17 19:48:06,
NYS,PATH,20230815,15.28,15.78,15.23,15.46,5774453,,2026-08-17 19:48:06,
NYS,PATH,20230814,15.10,15.48,14.83,15.45,5505585,,2026-08-17 19:48:06,
NYS,PATH,20230811,15.06,15.38,15.04,15.19,3960666,,2026-08-17 19:48:06,
NYS,PATH,20230810,15.80,15.90,15.30,15.42,4508798,,2026-08-17 19:48:06,
NYS,PATH,20230809,15.85,15.86,15.10,15.47,5767774,,2026-08-17 19:48:06,
NYS,PATH,20230808,15.81,15.92,15.40,15.83,7275129,,2026-08-17 19:48:06,
NYS,PATH,20230807,16.11,16.27,15.76,16.19,5340680,,2026-08-17 19:48:06,
NYS,PATH,20230804,16.48,16.58,15.90,16.08,7245220,,2026-08-17 19:48:06,
NYS,PATH,20230803,16.25,16.60,16.06,16.30,6839814,,2026-08-17 19:48:06,
NYS,PATH,20230802,17.16,17.40,16.25,16.41,10301869,,2026-08-17 19:48:06,
NYS,PATH,20230801,17.86,17.87,17.33,17.79,6548608,,2026-08-17 19:48:06,
NYS,PATH,20230731,17.63,18.18,17.57,18.08,6911726,,2026-08-17 19:48:06,
NYS,PATH,20230728,17.10,17.57,16.79,17.43,6118878,,2026-08-17 19:48:06,
NYS,PATH,20230727,17.79,17.84,16.63,16.73,6971045,,2026-08-17 19:48:06,
NYS,PATH,20230726,16.95,17.52,16.88,17.31,4818343,,2026-08-17 19:48:06,
NYS,PATH,20230725,17.07,17.21,16.90,17.00,5139160,,2026-08-17 19:48:06,
NYS,PATH,20230724,17.48,17.57,16.88,17.00,5259673,,2026-08-17 19:48:06,
NYS,PATH,20230721,17.57,17.81,17.20,17.47,5952712,,2026-08-17 19:48:06,
NYS,PATH,20230720,18.34,18.49,17.37,17.38,9355659,,2026-08-17 19:48:06,
NYS,PATH,20230719,18.54,19.03,18.16,18.49,8774118,,2026-08-17 19:48:06,
NYS,PATH,20230718,18.57,18.67,18.11,18.24,9093457,,2026-08-17 19:48:06,
NYS,PATH,20230717,17.58,18.86,17.50,18.45,8747984,,2026-08-17 19:48:06,
NYS,PATH,20230714,18.45,18.54,17.44,17.54,7262649,,2026-08-17 19:48:06,
NYS,PATH,20230713,17.90,18.67,17.78,18.40,9689963,,2026-08-17 19:48:06,
NYS,PATH,20230712,18.24,18.28,17.05,17.57,9957372,,2026-08-17 19:48:06,
NYS,PATH,20230711,17.26,17.99,17.16,17.69,11834519,,2026-08-17 19:48:06,
NYS,PATH,20230710,16.25,17.09,15.94,17.07,7561928,,2026-08-17 19:48:06,
NYS,PATH,20230707,16.82,17.13,16.45,16.49,6479495,,2026-08-17 19:48:06,
NYS,PATH,20230706,16.70,16.77,15.85,16.45,11261056,,2026-08-17 19:48:06,
